Sex,GHE cause,Afghanistan,Albania,Algeria,Angola,Antigua and Barbuda,Argentina,Armenia,Australia,Austria,Azerbaijan,Bahamas,Bahrain,Bangladesh,Barbados,Belarus,Belgium,Belize,Benin,Bhutan,Bolivia (Plurinational State of),Bosnia and Herzegovina,Botswana,Brazil,Brunei Darussalam,Bulgaria,Burkina Faso,Burundi,Cambodia,Cameroon,Canada,Cape Verde,Central African Republic,Chad,Chile,China,Colombia,Comoros,Congo,Costa Rica,C™te d'Ivoire,Croatia,Cuba,Cyprus,Czechia,Democratic People's Republic of Korea,Democratic Republic of the Congo,Denmark,Djibouti,Dominican Republic,Ecuador,Egypt,El Salvador,Equatorial Guinea,Eritrea,Estonia,Ethiopia,Fiji,Finland,France,Gabon,Gambia,Georgia,Germany,Ghana,Greece,Grenada,Guatemala,Guinea,Guinea-Bissau,Guyana,Haiti,Honduras,Hungary,Iceland,India,Indonesia,Iran (Islamic Republic of),Iraq,Ireland,Israel,Italy,Jamaica,Japan,Jordan,Kazakhstan,Kenya,Kiribati,Kuwait,Kyrgyzstan,Lao People's Democratic Republic,Latvia,Lebanon,Lesotho,Liberia,Libya,Lithuania,Luxembourg,Madagascar,Malawi,Malaysia,Maldives,Mali,Malta,Mauritania,Mauritius,Mexico,Micronesia (Federated States of),Mongolia,Montenegro,Morocco,Mozambique,Myanmar,Namibia,Nepal,Netherlands,New Zealand,Nicaragua,Niger,Nigeria,Norway,Oman,Pakistan,Panama,Papua New Guinea,Paraguay,Peru,Philippines,Poland,Portugal,Qatar,Republic of Korea,Republic of Moldova,Romania,Russian Federation,Rwanda,Saint Lucia,Saint Vincent and the Grenadines,Samoa,Sao Tome and Principe,Saudi Arabia,Senegal,Serbia,Seychelles,Sierra Leone,Singapore,Slovakia,Slovenia,Solomon Islands,Somalia,South Africa,South Sudan,Spain,Sri Lanka,Sudan,Suriname,Swaziland,Sweden,Switzerland,Syrian Arab Republic,Tajikistan,Thailand,The former Yugoslav Republic of Macedonia,Timor-Leste,Togo,Tonga,Trinidad and Tobago,Tunisia,Turkey,Turkmenistan,Uganda,Ukraine,United Arab Emirates,United Kingdom,United Republic of Tanzania,United States of America,Uruguay,Uzbekistan,Vanuatu,Venezuela (Bolivarian Republic of),Viet Nam,Yemen,Zambia,Zimbabwe
Persons,Infectious and parasitic diseases,2336.7,10.0,460.0,5256.8,1.2,444.1,18.3,59.4,21.5,117.8,14.8,7.5,5486.9,4.3,104.0,44.5,12.0,1875.8,32.1,286.7,10.8,307.7,2949.4,1.9,28.2,3748.3,1810.2,627.2,5114.4,125.5,11.7,1602.9,3906.9,105.3,8821.6,585.4,69.7,803.9,33.8,4967.0,14.4,77.9,3.6,48.3,538.4,17802.8,18.6,103.6,251.6,204.7,1167.6,85.2,254.8,416.9,7.8,11042.7,15.4,9.6,203.2,278.0,266.5,37.1,366.5,3478.9,62.2,0.9,370.7,2663.9,371.9,34.9,838.4,159.7,31.5,0.5,61055.7,12493.3,703.2,550.9,8.4,30.7,268.9,61.9,380.1,55.4,137.0,6925.3,5.2,24.8,72.1,441.0,15.2,34.2,775.5,932.5,65.7,27.0,1.4,2337.7,2942.9,657.2,2.7,4654.2,0.8,496.4,14.9,945.0,2.8,60.3,1.4,431.0,7540.1,3056.9,369.5,1135.1,52.9,9.6,69.0,4612.8,47919.0,14.8,35.8,11628.5,78.7,733.5,122.9,451.3,3231.3,115.3,77.4,10.8,224.2,32.8,130.0,2745.9,976.7,2.2,2.2,2.3,12.0,201.1,1341.5,29.2,1.1,2093.4,11.6,16.8,5.6,18.2,3838.3,9048.5,2902.5,173.0,232.3,2995.0,13.7,316.1,28.2,20.5,288.4,224.6,1695.7,5.2,94.4,1314.0,1.5,24.2,80.5,449.0,168.1,6396.6,983.8,53.5,177.3,8233.1,1699.0,26.0,387.1,8.0,478.0,1861.7,1284.1,3211.4,2643.3
Persons,Respiratory Infectious ,1424.9,14.4,461.5,1866.6,0.8,613.6,14.0,81.3,27.7,93.6,3.0,3.9,2211.2,4.9,42.6,89.4,3.6,760.0,12.4,265.2,10.9,45.3,2382.1,2.0,45.7,1035.2,688.7,359.2,1527.5,142.0,8.7,392.3,2082.3,91.2,6191.0,400.5,44.3,179.0,23.7,1956.9,13.4,121.0,3.0,69.9,212.9,5647.6,34.2,37.0,125.5,191.4,1253.5,74.8,78.0,213.2,7.7,4303.8,11.1,12.6,305.4,59.6,101.0,19.8,436.8,1085.1,111.4,1.4,315.5,896.1,119.0,10.9,477.8,63.1,31.7,1.2,25522.9,3029.1,495.6,634.8,21.4,48.0,247.3,15.4,1751.0,68.3,153.2,1342.3,3.6,30.6,78.5,220.4,13.7,21.9,115.5,221.2,43.6,20.0,2.2,928.6,577.9,359.5,1.3,1195.1,2.9,227.3,7.6,913.9,2.0,26.5,1.7,346.9,1286.5,1244.4,86.4,482.4,88.1,17.2,68.4,1975.4,18728.9,28.6,23.2,6721.7,36.1,250.5,66.6,614.5,2809.4,316.6,112.7,5.8,310.9,49.6,214.5,1445.0,326.5,1.3,1.4,1.9,5.8,217.6,544.4,35.0,1.6,594.6,92.4,42.2,10.7,10.8,1918.2,1682.3,917.6,221.7,161.6,1419.7,5.5,60.7,49.5,34.6,136.3,229.1,1016.9,6.3,49.5,422.4,1.2,10.6,87.4,357.0,132.1,2002.1,272.0,23.2,555.6,2388.0,1673.7,24.7,350.7,4.1,263.3,753.9,926.3,731.2,666.8
Persons,Maternal conditions,225.3,0.6,62.0,214.4,0.2,29.1,0.6,2.4,0.4,3.1,0.3,0.3,321.7,0.1,1.0,1.2,0.2,88.8,1.4,29.1,0.4,5.1,96.7,0.1,0.7,157.4,189.4,32.4,298.1,2.1,0.5,76.1,398.9,4.2,298.2,44.5,5.2,46.8,1.5,420.6,0.3,3.2,0.1,0.7,18.0,977.2,0.4,3.8,9.5,14.9,64.3,3.5,8.3,40.4,0.2,847.2,0.4,0.2,7.0,9.3,32.9,1.5,6.0,164.3,0.6,0.0,23.1,168.9,15.5,1.6,64.0,16.9,1.0,0.0,2704.0,586.5,20.9,43.1,0.4,1.0,2.5,2.8,5.2,8.4,3.2,354.6,0.2,0.6,6.4,27.2,0.3,1.9,24.8,57.9,1.2,0.3,0.0,195.5,143.6,13.9,0.3,277.8,0.0,57.9,0.5,60.7,0.1,1.7,0.1,33.1,240.3,78.5,14.9,76.0,1.3,0.7,11.8,352.3,4358.0,0.4,1.2,600.6,4.2,19.6,17.1,31.5,184.6,2.1,0.8,0.4,4.3,1.1,3.5,38.0,56.1,0.2,0.1,0.1,0.6,7.6,90.9,1.0,0.1,171.7,0.4,0.4,0.2,0.8,272.3,102.8,210.5,3.4,6.6,229.0,1.1,8.4,0.6,0.5,19.7,4.5,12.5,0.2,4.5,57.1,0.1,0.8,8.5,16.7,2.1,361.5,10.2,0.9,8.1,636.3,47.7,0.7,16.5,0.3,40.5,56.4,204.1,104.2,177.2
Persons,Neonatal conditions,3675.8,19.8,1169.5,2959.0,0.6,372.0,26.1,75.3,23.5,242.0,3.2,8.3,5069.7,2.7,29.7,30.4,7.1,1136.1,21.6,385.9,16.7,107.2,2103.6,2.8,30.5,1603.3,930.0,477.5,1766.1,139.3,9.4,575.8,1871.9,94.3,7566.1,497.2,71.9,304.9,27.4,2688.8,13.7,46.2,3.2,28.7,310.4,8273.1,21.8,58.0,358.5,286.4,2558.8,67.4,106.4,237.6,3.3,7186.5,12.7,12.4,208.0,102.7,188.9,32.8,243.7,1950.8,29.2,1.6,463.2,968.6,204.8,27.1,596.5,159.8,37.5,0.8,54847.7,5297.8,1062.9,1774.6,13.3,32.6,151.1,49.8,162.4,201.2,202.7,2824.4,6.4,25.7,147.1,386.7,6.2,39.3,200.4,309.0,75.9,8.6,1.4,1247.7,1263.8,223.4,3.1,2309.4,1.8,427.8,11.1,1380.8,3.4,55.7,2.9,998.9,2541.4,1922.6,110.4,980.9,53.6,18.0,76.8,2232.1,20339.8,13.4,36.0,20017.1,51.1,421.6,118.5,375.9,2458.0,118.4,21.8,10.5,116.8,34.1,86.6,698.5,507.4,2.2,1.7,3.6,8.2,394.4,954.4,42.2,1.1,767.5,8.0,20.5,4.5,15.3,1882.1,1410.9,1247.8,114.6,149.3,3330.0,10.6,79.2,26.1,33.5,272.0,414.9,458.8,20.1,76.2,567.4,1.5,19.8,154.1,693.1,269.8,3045.6,244.7,42.1,247.2,3857.8,1504.9,19.9,713.7,6.2,469.8,1364.3,1850.0,1213.2,1032.2
Persons,Nutritional deficiencies,233.5,6.6,181.1,746.3,0.6,88.9,8.2,14.5,7.3,44.7,1.5,6.5,1056.5,1.2,11.9,14.3,2.2,395.6,10.4,113.9,10.8,15.9,1072.4,0.8,14.6,647.8,400.3,147.5,502.4,25.1,5.5,174.0,604.3,31.6,1995.0,136.6,18.5,128.0,7.4,707.9,4.2,41.5,0.9,21.1,144.2,3363.1,5.5,24.8,41.5,38.7,429.8,16.8,24.1,118.9,1.5,1823.9,5.6,3.8,76.4,34.5,63.8,17.0,87.9,580.1,9.6,0.6,123.4,313.3,39.5,8.7,199.5,33.7,21.2,0.2,22621.6,1651.0,188.0,281.7,3.7,11.9,79.3,15.9,192.1,35.6,132.7,651.3,1.9,12.8,44.3,66.7,2.3,16.9,34.7,71.6,19.3,3.5,0.6,610.1,402.3,94.9,2.9,821.6,0.3,94.8,9.9,487.4,0.8,17.5,1.3,152.3,546.0,339.3,30.5,211.6,15.7,2.6,20.8,844.9,5726.9,5.7,16.3,2210.2,14.8,77.9,36.7,174.8,541.7,75.4,13.9,3.9,114.2,12.8,71.1,166.2,166.9,0.9,0.7,1.0,3.0,153.5,306.8,23.3,0.3,257.4,6.7,10.5,3.9,5.5,549.9,550.5,366.9,56.2,75.2,584.1,2.7,21.8,8.8,15.1,93.6,61.5,102.8,6.1,8.7,161.1,0.9,5.7,17.5,296.9,23.5,765.9,40.1,36.8,72.0,1249.5,289.3,7.8,273.2,3.1,53.3,202.3,622.8,411.1,408.7
Persons,Malignant neoplasms,898.1,137.9,871.8,310.3,3.4,1658.8,208.1,998.8,451.9,346.2,14.5,15.4,3404.3,16.5,499.0,616.8,9.1,154.9,15.0,234.8,179.6,40.7,6636.6,12.6,487.7,300.8,248.3,446.6,520.5,1711.6,10.3,91.6,218.8,662.8,61112.8,1688.3,18.2,62.1,150.0,368.8,316.0,587.3,43.5,635.4,1240.5,1435.2,346.3,20.9,276.3,401.1,2488.1,177.3,18.9,110.9,85.8,2012.5,20.7,260.1,3698.3,28.6,23.4,192.1,5006.8,431.8,645.7,4.0,242.0,159.5,25.7,17.6,204.0,163.9,804.5,14.1,27909.3,6729.5,1781.6,749.2,204.0,272.3,3500.1,95.3,7330.4,147.5,738.8,953.1,2.7,51.6,127.1,180.2,137.9,167.5,47.8,66.3,125.1,194.4,25.0,535.8,480.6,786.4,6.6,338.7,21.2,60.9,34.6,2392.1,2.4,124.6,40.3,839.4,850.1,1734.2,35.5,593.8,1036.0,205.3,127.9,238.7,3048.9,238.0,43.8,4615.6,96.8,241.2,166.1,758.1,2251.3,2545.6,612.8,24.5,2010.8,202.9,1340.4,9484.3,326.4,7.0,4.7,4.7,3.7,395.7,244.3,590.2,4.0,97.1,202.6,354.1,137.3,13.9,228.1,1632.6,303.9,2336.9,592.4,631.9,17.9,28.0,465.5,383.8,442.3,176.7,2871.9,107.5,27.5,125.1,3.4,50.8,248.2,3129.9,175.9,988.5,2654.3,73.1,3452.8,957.3,14916.5,196.1,507.2,7.3,853.3,3275.6,455.9,295.9,337.0
Persons,Other neoplasms,48.6,8.2,22.7,19.9,0.1,80.0,2.2,27.2,12.6,1.2,0.2,0.3,70.0,0.6,2.2,25.9,0.3,8.7,0.3,8.1,3.3,2.3,138.7,0.1,5.0,17.4,9.6,6.6,19.6,33.4,0.2,4.3,11.0,29.7,1205.5,140.7,0.8,2.7,8.7,15.0,5.5,17.6,1.6,11.5,11.3,59.1,6.2,1.5,8.9,28.1,122.8,0.5,0.9,3.7,1.5,104.4,1.8,6.0,129.4,0.9,1.3,5.0,135.4,16.4,6.6,0.1,17.4,8.6,1.6,1.2,3.8,1.4,14.3,0.1,552.2,100.2,30.0,59.1,4.6,6.0,147.0,4.3,219.0,6.0,8.7,23.6,0.0,2.1,4.3,2.8,2.5,8.2,1.9,2.5,6.9,3.4,0.7,14.8,15.8,27.8,0.0,7.7,0.4,2.8,2.1,188.1,0.0,2.9,0.1,46.0,22.4,22.4,1.9,8.7,29.7,4.2,3.1,7.2,148.7,4.8,2.5,154.3,5.6,2.7,7.0,14.1,119.0,113.7,11.6,0.2,33.8,3.3,8.9,46.6,9.4,0.3,0.1,0.0,0.0,19.2,8.8,13.6,0.0,3.9,2.8,2.9,1.2,0.1,14.8,52.7,0.1,77.5,6.1,48.0,0.1,1.9,17.8,11.0,20.9,28.2,75.1,0.6,0.2,5.1,0.0,3.2,13.0,4.0,7.3,30.8,7.3,0.6,74.3,31.1,361.5,7.0,36.0,0.1,86.0,37.4,28.2,14.8,4.4
Persons,Diabetes mellitus,338.0,10.1,407.8,107.6,1.7,350.6,36.5,156.6,76.8,70.9,5.3,22.3,1070.0,7.5,40.8,66.5,5.6,58.8,8.3,110.7,70.1,33.4,2139.0,6.6,67.5,85.8,56.0,102.8,168.6,312.1,3.7,28.9,77.2,148.9,9289.4,412.3,5.3,28.5,40.3,218.6,49.5,112.6,12.5,126.2,168.5,370.3,46.2,7.6,100.0,204.2,1091.0,86.4,11.7,32.3,9.7,528.7,53.5,38.0,379.1,15.0,7.8,45.2,776.5,199.7,63.6,2.4,249.4,76.1,10.1,20.2,152.9,52.5,102.7,1.4,11500.8,4033.0,791.6,392.5,23.7,71.1,579.1,66.9,1004.4,96.1,73.6,131.8,3.5,27.7,21.3,68.6,19.1,67.5,38.6,22.1,64.2,16.5,3.6,100.5,62.1,273.6,1.9,90.8,4.3,21.3,71.1,3507.6,2.3,7.4,5.8,404.6,120.0,631.7,27.6,225.1,129.2,28.8,67.6,100.2,947.2,33.0,54.1,1764.7,50.3,106.7,85.5,235.8,1200.2,318.1,117.7,25.4,512.3,27.0,118.1,769.5,59.2,3.5,3.0,3.3,0.5,218.1,77.0,106.1,1.0,54.6,22.8,39.8,14.5,9.1,76.4,1224.5,68.8,295.9,401.2,283.2,9.8,26.0,86.7,44.4,93.9,35.7,789.1,29.3,5.4,38.5,2.8,61.0,142.3,888.0,33.8,203.1,222.2,83.1,312.4,257.3,4054.7,28.0,238.8,3.6,514.3,736.4,179.8,72.6,134.4
Persons,"Endocrine, blood, immune disorders",180.2,7.9,118.4,157.9,0.7,101.1,4.9,60.1,37.8,31.9,1.5,5.9,401.8,1.9,14.6,38.7,1.0,193.1,2.8,26.3,7.4,7.1,671.5,1.0,16.3,374.4,56.9,44.6,322.5,97.4,1.1,31.9,182.8,37.3,2937.7,105.3,3.2,19.9,9.6,323.0,8.0,21.1,3.8,30.0,57.1,552.1,18.9,4.0,24.8,35.3,341.3,7.3,8.2,17.3,2.6,340.4,4.8,12.2,211.0,7.0,17.7,8.4,292.3,245.2,28.1,1.0,37.4,163.0,13.0,5.1,77.3,15.3,29.5,0.8,3428.7,585.8,167.0,112.3,11.8,27.2,223.5,8.9,275.5,26.2,36.6,133.9,0.5,5.5,10.6,20.1,3.9,12.1,12.8,28.8,17.0,5.0,1.4,62.5,53.3,42.8,1.6,191.0,1.0,25.2,4.6,413.6,0.3,7.2,1.0,99.9,133.4,166.2,9.3,64.4,41.2,10.7,11.6,238.3,3159.6,12.1,13.6,809.6,9.6,20.4,14.1,43.9,302.3,71.5,37.9,2.7,77.9,6.2,30.6,234.6,29.4,1.1,0.7,0.4,0.9,91.7,94.0,19.3,0.4,157.7,4.1,11.9,5.5,1.2,86.9,362.1,51.8,129.6,37.4,232.2,1.7,10.0,22.8,21.0,51.2,19.4,141.6,3.4,2.9,80.4,0.3,7.9,32.3,281.7,18.6,205.7,69.8,17.1,153.6,237.7,1421.9,10.4,49.3,0.5,49.2,198.2,155.5,74.1,49.6
Persons,Mental and substance use disorders,759.7,55.2,927.8,480.7,2.2,1112.5,60.4,802.4,236.7,209.2,8.8,37.1,3489.2,6.2,342.3,306.2,7.6,213.9,18.3,245.8,85.2,52.2,6046.8,8.3,149.8,332.1,223.6,289.3,483.7,1063.6,11.9,104.1,274.1,498.3,31095.0,916.8,14.9,90.9,98.9,458.5,100.4,296.3,22.1,233.6,539.5,1522.3,162.9,18.6,223.1,362.9,1992.2,170.6,20.5,102.5,47.5,2089.7,15.7,183.5,1836.6,36.1,37.3,80.5,2287.2,538.0,285.2,2.4,386.3,240.6,34.6,20.1,233.5,157.6,229.6,8.4,27945.1,4401.5,2563.4,866.8,130.2,167.9,1462.1,59.3,2575.4,176.9,441.3,833.1,2.0,103.3,137.6,123.1,58.7,152.7,52.9,87.1,153.5,96.3,15.1,470.4,312.1,631.9,6.7,300.8,10.3,74.5,28.4,2587.3,1.8,78.8,13.2,934.5,527.0,965.9,52.5,595.1,451.7,132.6,137.1,350.8,3791.1,158.6,117.5,3866.5,75.0,129.2,163.0,646.8,1816.7,916.5,280.6,63.1,1243.3,121.2,416.5,5907.4,245.7,4.2,2.6,3.1,3.4,743.1,270.3,188.5,1.9,131.6,82.7,118.5,49.2,9.6,205.6,1219.1,234.0,1194.6,412.8,895.9,13.5,28.7,288.0,221.7,406.8,152.9,1525.1,40.7,19.0,143.3,1.7,32.5,281.4,1877.5,109.3,775.3,1713.1,247.5,1816.1,984.6,12667.7,83.6,567.4,4.4,595.8,1817.5,607.6,294.7,310.1
Persons,Neurological conditions,338.7,48.8,581.4,232.0,1.1,483.6,40.9,458.1,160.2,114.4,4.5,15.2,1727.7,4.9,158.3,274.7,3.6,115.5,10.1,124.8,67.5,26.0,2822.3,4.6,97.0,154.6,101.0,160.6,259.5,729.0,5.9,43.1,145.4,248.7,18106.8,607.6,7.7,44.1,66.1,265.8,71.6,199.2,16.2,174.7,271.1,666.9,124.0,10.7,119.7,176.8,1160.8,88.1,13.1,45.4,21.4,895.2,8.8,185.7,1488.4,20.1,18.5,69.1,1873.7,263.7,197.9,1.1,166.2,114.9,14.5,8.7,122.7,96.2,170.7,7.1,15424.6,2953.5,1151.8,372.2,90.1,121.3,1400.2,36.1,2159.0,101.8,203.8,340.9,1.1,38.2,64.5,66.4,31.1,114.5,25.4,38.6,87.0,44.1,10.5,177.2,126.0,344.4,3.9,157.3,7.7,42.8,16.0,1480.8,0.9,30.0,10.0,526.1,228.5,659.5,29.4,342.4,427.0,79.7,78.4,172.4,2010.6,111.7,49.3,2065.5,48.8,52.9,84.9,382.8,880.2,501.4,229.0,23.6,734.1,48.8,260.0,2132.2,102.9,2.2,1.4,1.7,1.8,387.0,141.0,142.7,1.3,69.0,37.4,98.4,28.8,4.1,103.7,761.2,99.6,1114.4,303.3,466.8,6.9,16.9,233.7,197.1,214.8,89.1,1169.5,24.3,10.3,71.7,1.0,19.6,201.0,1655.6,59.9,366.9,770.2,95.0,1828.2,467.6,7387.8,61.2,354.6,1.9,348.5,1218.7,313.4,144.2,147.7
Persons,Sense organ diseases,373.2,47.4,593.2,280.9,1.0,520.3,52.3,257.3,116.3,127.8,4.7,13.0,2192.8,4.3,151.9,154.3,3.4,119.3,8.9,149.5,79.1,24.5,3041.5,3.0,135.9,172.7,112.3,233.2,204.7,394.7,5.6,72.1,152.4,241.6,19904.7,713.1,9.0,51.8,69.6,243.7,79.8,198.5,10.4,170.2,394.9,973.3,53.2,10.5,125.5,212.6,1514.6,95.5,8.3,55.7,21.3,1176.7,11.1,64.9,856.7,20.0,17.2,75.6,1361.6,271.5,160.9,1.2,195.0,145.9,21.3,8.4,144.6,103.0,175.7,3.4,20521.3,3546.7,874.1,431.7,48.4,92.4,1023.0,37.2,2210.2,73.5,212.9,469.3,1.4,33.2,68.3,88.2,37.9,78.9,24.1,47.6,69.0,51.9,6.5,270.6,155.9,295.8,4.2,183.8,5.6,51.8,19.4,1573.1,1.2,32.6,10.2,541.0,301.6,1184.2,26.1,333.5,200.3,49.2,81.3,240.3,1849.3,51.3,40.3,2109.1,53.5,101.6,84.1,460.0,1361.7,776.6,165.9,17.2,598.2,62.2,360.8,2502.4,110.2,2.5,1.4,2.4,1.9,306.7,152.8,165.8,1.3,60.7,49.6,80.5,35.2,6.9,131.0,708.7,147.9,696.3,337.2,485.1,6.7,13.2,106.1,100.2,209.9,90.5,1165.4,33.5,17.9,72.0,1.2,17.1,162.6,1103.9,56.6,269.5,791.1,82.5,872.8,479.6,3182.2,51.7,333.3,3.2,372.6,1381.2,416.3,131.4,133.6
Persons,Cardiovascular diseases,1570.7,284.6,1576.5,671.4,5.0,1832.1,227.7,749.5,508.0,726.8,16.9,24.0,6885.8,18.1,1420.0,523.9,12.3,412.7,41.6,455.8,385.4,70.1,9214.1,13.8,1250.6,622.7,358.6,611.1,905.5,1237.9,22.0,197.6,611.1,631.2,97208.2,1947.8,29.6,150.0,157.8,1462.1,397.6,694.4,50.3,854.6,2065.2,2237.9,228.7,41.1,569.0,459.6,6349.3,223.8,45.0,183.2,134.5,3009.9,63.8,330.4,2432.6,57.7,68.1,663.7,5518.3,1153.5,750.6,5.5,332.7,525.5,61.0,61.2,780.2,253.6,1129.5,11.7,72208.9,17962.1,3411.0,1345.5,162.9,193.9,3352.1,112.6,5997.1,335.5,1668.0,628.4,6.4,151.5,419.0,362.8,286.5,371.6,97.8,132.1,305.9,398.3,22.1,929.1,323.6,1341.3,10.2,687.7,24.0,143.3,80.8,3539.8,5.8,207.4,66.5,1394.2,672.8,2819.1,81.0,1363.0,673.7,169.6,173.1,724.4,6952.8,195.3,129.1,10490.8,121.1,421.9,258.2,905.0,6872.7,3401.1,519.7,38.0,1355.8,527.4,2601.4,20681.9,261.1,9.8,6.9,7.8,5.8,1137.1,433.1,1011.0,6.6,438.9,185.7,411.3,130.9,22.9,514.5,2482.4,360.0,1921.2,1172.9,2575.1,32.8,44.6,507.6,332.6,955.7,413.8,3031.6,235.2,37.4,319.8,3.8,91.3,675.6,3575.0,480.3,939.3,7514.8,225.3,2827.1,1445.2,17309.5,171.4,2273.9,12.2,1260.2,3854.2,1801.7,382.3,466.8
Persons,Respiratory diseases,315.0,21.7,279.3,215.1,1.0,733.7,26.8,312.4,98.6,67.1,2.4,6.8,2315.1,2.9,75.0,175.6,3.0,104.3,15.0,107.2,36.3,24.4,2200.9,3.8,110.7,133.1,106.6,160.8,229.2,429.9,3.6,52.1,151.7,178.6,20826.4,488.5,6.7,38.0,42.4,303.4,44.4,146.7,12.8,118.5,709.1,720.6,97.4,7.9,76.3,114.9,1058.3,44.2,10.4,44.2,10.1,721.1,13.9,55.5,613.3,14.5,15.8,52.8,1266.0,201.0,192.7,0.8,99.0,129.4,14.8,8.1,152.9,63.9,163.2,3.8,29698.3,3852.3,533.7,210.7,64.4,69.9,712.7,23.8,1989.7,53.7,195.1,220.7,2.3,21.7,45.8,99.1,14.8,55.8,36.7,25.8,47.6,21.7,6.9,287.1,100.6,298.8,3.9,216.7,4.8,30.5,26.0,950.6,1.6,15.8,4.7,225.8,181.9,1116.9,28.7,576.8,252.2,61.8,37.3,178.7,1600.9,70.7,18.0,2592.9,38.4,137.2,47.6,294.3,1724.9,435.2,141.1,7.4,483.9,30.6,250.2,1102.8,96.2,2.3,1.2,2.2,2.4,154.7,108.5,132.0,1.2,85.9,30.9,41.6,16.4,8.0,118.4,835.8,96.6,701.1,362.1,420.3,4.6,17.6,132.5,92.0,131.5,58.0,1075.1,23.3,12.1,72.6,1.5,14.4,100.6,899.5,26.0,309.8,409.8,65.0,1106.8,415.5,6220.9,56.9,173.2,3.7,235.2,1050.2,284.3,107.0,139.5
Persons,Digestive diseases,267.7,18.9,219.7,395.4,0.7,451.1,36.4,138.3,80.5,107.7,3.0,4.8,1521.6,2.8,144.6,114.2,3.3,206.9,13.8,200.5,38.9,13.6,2521.9,1.9,120.9,295.2,189.4,385.7,525.4,258.2,4.0,84.8,357.6,233.6,9776.5,435.3,11.4,76.1,53.3,697.1,57.7,120.2,6.3,141.5,214.0,1214.9,53.8,17.1,103.0,182.7,2201.5,87.3,30.7,76.5,19.8,1483.3,5.1,65.2,537.3,32.3,28.0,67.0,935.5,445.6,76.6,1.0,241.6,222.7,23.1,14.3,179.3,95.0,184.5,1.4,19944.1,4465.7,329.8,120.2,29.3,36.2,521.3,16.5,1059.4,44.5,347.6,304.0,1.8,14.4,106.4,78.9,33.6,36.8,19.5,54.5,39.7,66.5,4.5,213.3,136.7,180.7,0.9,277.4,2.5,56.0,11.6,2026.2,0.8,56.6,4.3,161.9,245.3,1270.3,18.6,307.1,102.9,21.5,85.7,320.5,4196.3,27.2,12.8,2572.3,28.7,86.2,61.9,469.9,865.2,533.1,112.3,8.0,386.8,140.6,451.7,2774.6,137.5,2.0,1.2,1.0,3.7,148.2,170.4,98.8,1.7,189.4,18.3,100.0,28.3,3.3,246.6,495.5,157.6,414.8,247.1,368.8,7.3,12.1,65.1,56.3,84.4,78.6,909.2,15.1,9.1,124.7,1.0,14.0,76.5,442.0,112.9,572.8,874.6,28.1,716.8,607.5,3572.2,32.0,404.1,1.5,246.8,909.5,210.3,218.0,157.6
Persons,Genitourinary diseases,308.2,20.9,348.1,145.4,0.8,401.8,28.6,105.5,61.9,75.3,3.6,9.0,1094.5,3.8,64.1,80.6,3.7,126.7,10.4,145.9,29.5,14.5,1510.9,3.4,71.4,142.3,64.8,102.3,306.0,187.6,4.3,35.0,189.3,132.1,10505.4,353.5,5.3,28.1,34.7,365.3,33.8,71.2,6.6,73.7,205.2,417.9,30.2,8.1,94.2,111.7,862.4,140.0,9.4,29.4,12.0,622.5,11.8,22.8,345.2,12.8,17.6,40.2,671.1,248.9,92.2,0.8,153.0,115.3,16.3,7.9,124.8,82.2,65.8,1.3,13384.3,2347.1,575.4,277.0,21.8,58.5,404.9,29.3,1138.7,80.0,132.2,173.3,1.1,21.5,43.9,55.9,18.5,47.4,17.1,37.5,66.9,21.9,3.0,103.8,72.5,190.6,2.7,184.4,2.5,40.0,9.8,1212.3,1.3,23.4,4.6,305.7,152.8,589.5,14.8,244.7,96.3,17.7,112.7,188.9,1500.7,25.4,24.4,1742.6,30.9,69.5,70.5,321.9,1136.8,211.4,77.4,11.4,318.7,30.5,186.3,1044.9,54.7,1.6,1.0,1.9,2.4,293.5,128.1,84.6,1.8,98.3,41.0,37.3,12.1,5.0,86.9,565.9,71.4,330.6,224.4,423.6,7.9,10.3,46.4,50.3,130.4,52.0,977.8,16.8,5.2,65.7,1.2,13.8,131.9,815.2,59.3,219.1,285.6,61.6,328.1,290.4,2927.0,30.0,275.6,2.2,183.6,571.4,259.6,87.1,111.7
Persons,Skin diseases,89.8,6.9,111.4,125.4,0.4,150.6,7.2,70.7,22.5,22.4,1.5,3.6,508.6,1.0,22.5,33.6,1.3,43.5,2.5,35.6,8.7,8.2,797.0,1.2,17.2,87.9,51.1,61.2,93.5,114.3,1.8,17.3,55.2,53.3,3794.0,157.5,4.1,20.2,14.1,93.9,9.9,35.9,2.7,27.8,74.1,328.2,16.3,4.7,32.4,52.7,245.0,18.4,5.9,22.3,3.6,450.0,4.0,15.4,189.6,7.8,7.9,9.7,229.2,101.4,27.0,0.6,49.3,45.2,6.4,2.3,37.3,22.4,25.9,1.0,3756.5,947.5,202.4,108.8,12.8,27.9,159.3,11.3,354.3,22.2,41.5,189.4,0.5,9.6,14.8,28.0,5.9,18.3,7.6,15.6,17.5,7.6,1.6,91.7,71.0,127.0,1.6,63.9,1.3,16.4,4.9,391.3,0.4,7.6,1.5,90.9,139.5,226.4,9.6,97.2,48.9,14.1,18.0,71.3,804.0,15.2,12.6,705.2,12.5,31.2,23.9,106.2,438.0,95.8,27.2,5.6,134.9,10.7,47.4,392.3,47.6,0.8,0.4,0.8,0.7,100.9,55.1,22.1,0.3,26.0,13.1,15.8,5.0,2.3,51.2,197.9,52.9,128.7,65.3,111.1,2.3,5.2,30.4,23.3,46.8,20.3,323.8,4.7,4.2,27.2,0.5,4.8,32.7,208.0,13.3,180.2,106.0,22.8,211.6,250.7,1066.2,11.4,70.5,1.0,82.1,324.3,79.6,80.6,58.8
Persons,Musculoskeletal diseases,298.2,45.6,611.1,170.8,1.4,845.2,42.3,527.9,164.8,113.7,6.1,21.1,2239.0,5.5,158.6,224.6,4.0,87.5,10.1,119.1,65.1,21.2,3289.1,5.8,129.9,131.2,73.3,171.7,186.5,783.7,4.8,41.4,103.8,404.6,19790.7,670.4,5.8,37.0,66.3,187.5,80.5,192.3,17.0,193.2,354.9,547.1,149.7,7.6,124.2,200.4,1293.0,69.1,8.1,31.0,24.4,679.9,12.5,112.5,1226.5,16.0,13.9,56.8,1829.1,220.3,217.3,1.6,151.7,100.1,14.8,8.7,119.1,85.6,194.1,6.2,17728.2,3085.8,1297.0,348.4,81.3,129.9,1278.4,41.4,2832.9,102.1,198.1,321.8,1.2,57.7,59.9,68.4,38.1,79.5,18.5,34.2,90.3,54.2,10.9,172.7,112.6,357.3,4.0,117.9,8.6,34.9,20.0,1519.1,1.1,28.8,9.9,547.6,186.2,671.3,20.5,373.3,373.1,97.5,67.0,139.6,1451.8,92.7,61.9,1929.1,44.8,77.9,84.7,364.7,1187.2,661.3,223.5,31.8,929.6,64.6,344.2,2284.9,73.6,2.8,1.6,2.2,1.4,453.3,109.7,160.5,1.3,50.8,65.0,96.4,40.3,5.9,66.9,577.2,82.2,882.4,261.4,475.4,7.3,10.5,208.9,180.6,206.9,67.6,1268.0,31.4,9.3,57.6,1.2,23.4,198.1,1437.6,51.8,233.3,823.6,141.2,1395.8,343.6,6881.0,72.4,303.4,2.8,350.7,1208.3,282.3,103.5,112.7
Persons,Congenital anomalies,666.4,18.3,483.8,709.8,0.7,299.6,19.7,69.8,31.5,88.1,1.3,8.8,1463.4,1.7,39.4,35.9,3.1,241.4,7.4,149.5,12.7,27.1,1445.0,2.9,25.5,335.6,199.4,130.2,563.6,106.8,6.0,97.1,390.5,105.0,5290.9,361.0,12.8,87.9,30.3,582.8,15.6,35.4,2.5,27.6,152.2,1781.2,19.3,12.1,121.8,186.9,1505.0,55.8,24.5,61.2,4.2,1497.6,9.3,19.9,196.1,29.5,45.3,22.2,265.1,480.7,30.8,0.6,169.1,229.7,39.4,7.0,174.8,90.5,34.5,1.1,11314.1,1808.9,533.4,632.6,22.2,36.9,159.0,17.7,284.5,128.3,118.2,697.2,2.1,29.4,62.5,86.7,8.4,36.8,35.9,76.2,62.5,13.5,1.8,333.6,300.4,150.4,2.4,392.2,1.9,73.1,7.2,1165.6,1.3,29.5,1.3,331.0,484.9,509.5,30.1,225.1,58.6,17.4,65.2,430.9,4137.9,15.9,32.5,2747.2,41.1,100.6,74.2,279.4,929.7,139.1,22.2,13.0,96.3,27.6,73.0,719.8,161.4,0.8,0.9,2.1,2.8,295.0,256.8,31.7,0.7,167.2,9.7,22.1,6.5,6.1,344.7,558.9,221.0,108.6,131.6,729.2,4.0,27.0,31.4,30.6,175.4,118.8,329.8,7.2,18.1,141.4,1.1,10.0,98.9,742.4,94.0,745.4,211.5,40.6,223.5,1006.0,1464.2,20.8,305.4,3.5,257.5,870.8,479.2,281.5,298.4
Persons,Oral conditions,55.2,10.5,102.5,37.5,0.3,129.0,12.2,97.4,46.4,31.7,1.4,3.4,295.3,1.3,36.8,58.5,0.9,19.0,1.6,29.9,17.6,4.9,744.6,1.0,33.6,27.1,15.3,22.6,39.5,143.1,1.1,8.8,23.3,67.3,2890.1,158.9,1.2,7.9,17.3,43.6,21.4,52.2,3.8,47.3,49.7,124.4,29.1,1.5,30.8,49.2,208.4,18.8,1.6,7.3,5.7,136.8,1.4,26.1,250.5,3.3,4.0,16.7,413.5,45.8,54.4,0.3,40.9,22.0,3.4,2.2,26.4,19.9,39.7,1.4,3392.2,638.6,180.3,68.9,20.2,29.4,221.5,9.3,606.1,16.0,59.7,81.2,0.1,10.1,15.4,7.8,8.4,16.9,4.1,7.9,15.4,13.1,2.8,29.3,24.2,61.3,0.6,26.6,2.1,8.0,3.9,403.3,0.1,7.8,2.4,108.4,38.7,88.6,6.1,45.6,98.5,18.2,16.1,29.9,187.9,23.8,10.7,358.5,12.4,9.2,16.7,97.2,194.0,166.0,51.1,5.3,178.3,15.0,87.6,602.0,16.9,0.7,0.4,0.3,0.3,69.4,27.7,37.0,0.2,11.0,13.1,18.1,11.6,0.7,14.3,130.0,17.8,175.9,47.9,76.2,1.7,2.3,40.5,43.4,38.9,19.1,180.6,7.8,1.7,12.7,0.1,5.1,34.4,281.9,14.3,48.7,192.0,21.2,312.0,54.2,1071.5,12.4,80.9,0.3,95.6,154.9,47.3,21.8,24.3
Persons,Sudden infant death syndrome,38.2,1.2,24.4,51.5,0.0,21.5,0.3,5.5,0.7,3.5,0.1,0.1,127.6,0.1,1.5,2.0,0.1,17.5,0.5,2.1,0.1,0.7,18.5,0.1,0.3,24.9,18.1,4.9,36.3,5.8,0.4,7.0,21.4,3.9,70.9,4.9,1.1,4.8,0.3,26.3,0.5,0.5,0.1,1.0,2.2,185.4,0.2,0.8,0.9,2.4,53.1,2.9,1.9,4.6,0.1,101.3,0.1,0.7,11.4,1.0,2.3,0.4,9.7,11.7,0.5,0.1,10.3,13.6,2.1,0.1,5.5,1.6,1.1,0.1,525.1,73.2,4.6,21.1,1.1,1.7,1.7,0.4,13.5,1.3,8.0,32.2,0.1,0.9,1.7,3.5,0.6,0.9,2.1,5.2,1.1,0.5,0.1,16.8,12.2,2.2,0.1,20.4,0.0,4.9,0.1,31.8,0.0,0.7,0.1,16.8,45.6,32.8,1.7,21.0,0.8,1.6,2.4,23.6,213.5,0.6,1.1,402.4,0.4,3.9,2.9,1.7,46.6,2.6,0.2,0.3,7.2,0.5,0.8,66.4,9.6,0.0,0.0,0.1,0.1,17.8,15.5,0.5,0.0,12.1,0.2,1.1,0.1,0.2,30.1,45.6,9.4,3.0,2.9,31.7,0.4,1.6,1.8,0.7,4.3,7.8,13.7,0.5,1.7,6.4,0.0,0.3,3.8,12.6,5.0,49.3,6.2,1.5,10.5,63.3,131.6,0.8,8.0,0.1,1.5,26.5,56.1,16.5,3.9
Persons,Unintentional injuries,1329.8,71.1,1023.3,1277.6,2.3,910.2,70.9,342.0,157.8,213.6,6.4,18.3,3660.7,4.7,376.0,224.4,8.3,580.0,26.3,414.0,91.0,59.1,5092.9,8.1,193.6,962.9,686.2,504.5,1389.9,603.1,10.6,261.8,994.0,301.0,31343.7,1112.3,33.8,207.8,88.5,1527.9,114.1,207.2,16.4,323.0,687.8,4632.5,80.7,41.8,323.7,502.2,1886.1,153.4,67.9,207.2,35.6,4448.7,20.5,111.8,1149.2,70.7,95.1,109.5,1337.6,1059.7,198.7,2.6,504.6,602.5,75.4,27.8,555.5,155.0,277.6,4.8,47175.4,5696.5,1977.1,880.8,64.7,95.5,1019.1,35.8,2098.1,233.1,623.2,1608.8,2.3,85.0,154.8,233.1,67.7,106.2,88.3,188.3,165.0,107.2,9.7,941.5,600.0,650.1,3.4,947.5,6.0,162.2,22.1,2247.5,2.0,102.4,15.0,703.4,1244.5,1769.1,83.0,759.9,234.3,75.1,137.0,1294.2,9288.6,80.7,118.1,6250.7,67.7,223.0,202.5,758.1,1966.6,1088.3,165.5,55.2,858.7,122.4,593.8,6034.2,486.1,4.0,2.2,3.2,7.5,933.6,619.2,188.0,2.2,430.9,51.9,164.7,69.1,14.0,863.1,1517.2,583.0,667.4,534.4,1910.9,14.6,60.0,153.7,130.5,330.1,256.2,2290.0,41.9,39.9,363.1,1.7,30.7,236.4,1408.0,171.4,1956.3,1468.8,176.2,901.7,2617.5,6760.5,79.6,675.6,5.4,1156.9,2724.4,1221.7,713.7,768.6
Persons,Intentional injuries,2372.6,17.3,195.5,287.8,0.1,391.4,12.9,168.4,56.8,40.0,6.7,6.1,897.7,1.5,136.0,101.3,7.1,103.0,6.1,174.3,26.3,27.5,4598.0,1.6,37.2,205.0,138.1,100.6,346.8,249.4,5.3,171.0,176.2,144.4,6350.3,1481.6,6.9,60.2,50.1,372.4,31.3,93.3,4.0,67.6,214.8,1061.9,29.9,7.8,163.9,156.9,528.8,232.2,13.9,49.1,12.5,1004.8,4.2,43.9,431.6,18.3,18.6,25.2,441.5,249.1,31.3,0.4,294.7,113.5,15.2,20.9,276.1,314.4,76.7,2.6,15844.8,1288.7,583.5,3012.3,29.6,41.1,211.6,66.7,980.3,35.6,288.5,266.8,1.8,13.3,49.2,66.6,23.7,79.3,73.7,51.2,270.5,48.2,3.2,169.1,54.8,162.1,2.6,214.7,1.8,40.8,7.0,1781.5,1.1,37.7,3.5,91.0,159.5,467.8,41.1,215.9,94.3,33.2,102.7,204.5,2614.3,30.3,25.2,1693.7,61.0,83.3,75.9,296.5,1386.7,304.9,55.2,21.6,581.7,41.7,104.6,2999.3,145.4,2.3,1.0,0.9,1.3,190.5,123.7,63.5,0.9,108.5,25.5,34.9,15.9,3.6,532.6,1419.2,200.1,177.3,233.4,658.3,9.6,28.6,66.7,52.4,4454.6,26.7,713.8,9.0,12.7,82.5,0.5,44.2,35.3,536.6,37.6,636.1,583.9,37.9,320.6,453.8,3772.7,43.7,180.8,1.2,1038.9,594.6,608.5,172.7,250.0
Males,Infectious and parasitic diseases,1186.1,5.5,248.1,2853.5,0.6,248.9,12.1,31.8,11.8,74.7,10.3,5.4,3215.3,2.8,65.7,23.0,6.6,983.4,17.5,166.1,6.4,160.8,1721.5,1.1,16.4,1859.1,949.1,366.1,2579.3,65.9,6.0,802.4,2050.7,65.6,4772.6,367.4,37.8,434.3,20.4,2596.1,7.7,48.3,2.0,25.7,313.2,9341.6,9.4,52.8,137.6,126.8,648.5,53.8,141.0,223.3,4.4,5938.2,9.0,4.9,107.4,147.4,138.6,25.4,194.5,1743.9,27.5,0.5,205.4,1344.4,195.7,21.1,442.5,89.4,16.1,0.3,32526.6,7445.1,455.3,335.6,4.5,16.4,150.7,42.4,202.0,29.7,83.9,3919.6,2.7,16.2,44.9,251.8,9.3,18.2,387.4,488.1,36.8,16.9,0.8,1285.5,1598.6,487.2,1.7,2393.4,0.5,266.4,9.7,577.8,1.5,39.4,0.7,234.0,4055.3,1947.6,188.1,580.5,27.5,4.9,40.5,2403.2,25903.1,7.6,27.0,5744.1,50.8,403.8,73.6,275.4,1908.5,65.0,52.3,9.1,135.6,22.6,80.8,1882.1,507.3,1.1,1.3,1.2,7.4,125.7,726.3,16.3,0.7,1110.3,7.7,8.9,2.8,10.0,1987.4,4661.9,1489.5,104.8,139.7,1499.1,7.6,153.4,14.1,11.1,142.7,138.5,1027.0,2.9,57.7,651.0,0.8,14.0,45.2,267.9,104.0,3481.4,607.6,43.8,88.2,4576.8,945.8,15.5,235.7,4.6,285.6,1233.0,644.1,1690.5,1316.9
Males,Respiratory Infectious ,684.2,7.9,210.3,906.5,0.5,323.6,7.8,40.0,13.9,48.3,1.7,2.3,1179.9,2.6,29.6,45.1,2.1,378.2,6.3,146.5,5.9,24.9,1319.4,1.1,27.5,531.9,357.4,191.4,844.8,70.9,4.9,196.3,1092.2,50.0,3323.8,221.8,23.3,90.8,13.9,1096.2,7.8,64.6,1.5,40.6,117.8,2843.6,17.9,19.9,72.5,103.9,737.2,44.6,43.6,119.2,5.0,2397.5,6.4,6.5,153.3,32.2,54.0,11.8,237.1,635.8,53.9,0.7,167.9,474.1,63.0,6.1,265.8,36.1,17.7,0.6,11815.8,1603.1,255.3,409.1,10.5,25.9,124.4,8.1,993.7,35.3,97.5,708.5,1.9,17.1,43.9,112.3,8.8,10.6,57.5,111.8,23.4,12.8,1.1,478.2,315.7,203.6,0.6,589.8,1.5,132.9,4.5,513.2,1.1,16.6,1.0,183.0,657.3,667.8,45.6,249.0,44.3,7.8,40.3,999.3,9845.7,14.4,14.6,3437.1,20.2,145.0,36.3,340.9,1565.1,187.5,59.9,4.2,173.2,34.8,130.9,1005.3,175.5,0.7,0.8,1.1,3.1,120.5,294.4,20.4,1.1,306.6,51.0,25.5,5.2,5.7,1002.5,957.8,478.4,117.9,98.2,638.9,3.2,32.0,26.4,17.3,73.0,120.8,584.6,3.5,24.3,232.6,0.6,6.1,43.6,200.0,76.0,1051.8,181.1,16.5,268.3,1223.1,863.4,12.7,191.5,2.3,152.7,460.8,416.0,385.8,338.4
Males,Neonatal conditions,2032.6,11.5,613.6,1685.6,0.3,203.4,13.6,39.0,12.3,133.5,1.7,4.3,2789.4,1.4,15.1,16.5,3.9,626.6,11.7,220.2,9.2,59.9,1138.6,1.6,16.3,913.0,536.2,261.6,1012.2,72.5,5.1,316.5,1057.5,51.4,3875.4,275.2,40.6,171.0,14.7,1559.3,7.0,23.7,1.8,15.3,174.7,4683.3,11.5,32.4,193.8,163.0,1450.7,37.6,59.8,134.6,1.7,4128.3,6.7,6.5,110.8,57.7,108.0,17.9,127.9,1075.9,15.3,0.9,261.6,552.0,119.6,15.4,332.3,86.9,19.4,0.4,28483.9,2955.4,552.1,824.2,7.2,17.3,78.8,27.3,82.1,109.3,114.3,1568.6,3.3,14.0,82.9,226.4,2.9,19.6,114.8,174.6,41.3,4.3,0.7,711.8,711.4,123.4,1.7,1289.1,1.0,246.5,6.0,765.3,1.9,33.1,1.5,544.6,1436.4,1012.8,62.3,530.4,29.0,9.6,43.4,1214.7,11440.9,7.5,21.1,10581.6,28.6,218.6,66.2,199.5,1391.4,61.6,11.5,6.2,60.2,17.2,47.1,360.2,283.9,1.1,0.9,1.9,4.7,209.1,544.3,21.9,0.6,441.9,4.1,11.4,2.4,8.3,1057.9,806.0,697.5,61.1,80.3,1889.1,5.9,45.1,13.9,17.9,152.8,239.0,249.4,10.8,44.9,323.9,0.7,10.9,80.2,377.0,164.1,1759.0,133.8,26.3,132.2,2145.5,807.7,11.0,404.3,3.3,264.1,731.8,1093.5,675.4,581.2
Males,Nutritional deficiencies,86.7,2.2,67.7,415.9,0.3,29.3,3.8,5.3,2.2,13.7,0.5,1.8,380.6,0.4,3.7,4.6,0.8,185.5,3.7,55.2,4.7,7.9,437.2,0.2,6.0,309.1,206.8,58.7,223.2,8.5,2.1,91.9,293.8,10.6,767.7,71.0,9.6,64.0,2.8,327.2,2.2,11.8,0.3,8.6,44.5,1906.5,2.1,13.6,13.5,18.1,183.8,9.2,13.7,63.9,0.5,979.5,2.4,1.4,28.8,16.8,30.9,6.2,25.6,269.0,3.0,0.3,63.3,137.9,17.8,3.7,91.5,15.9,8.2,0.1,8164.6,520.3,83.5,117.7,1.4,4.2,27.5,6.0,40.8,13.0,46.9,327.3,0.8,4.6,16.5,30.0,0.9,6.4,16.5,32.4,7.4,1.4,0.2,325.8,211.9,33.6,1.1,387.5,0.1,45.9,3.4,236.7,0.3,7.2,0.6,62.6,246.1,144.4,16.8,87.6,5.1,1.0,9.6,406.3,2683.4,1.9,9.1,881.2,6.6,30.4,15.4,78.5,240.6,30.7,4.4,2.0,31.6,3.9,22.5,66.1,92.0,0.3,0.3,0.5,1.6,40.7,140.2,9.9,0.1,125.0,1.4,4.8,1.6,2.4,286.2,262.2,192.9,18.1,18.8,260.8,1.1,11.8,3.4,2.2,40.8,25.6,41.1,2.9,4.9,71.6,0.4,1.7,7.9,97.6,8.4,409.3,17.6,20.3,21.0,663.7,110.0,2.6,79.6,1.0,26.7,51.4,260.0,219.4,209.1
Males,Malignant neoplasms,485.0,77.2,426.6,135.5,1.7,857.9,118.8,557.7,247.9,199.3,7.5,8.1,1696.5,8.7,295.3,349.1,5.0,66.6,8.1,99.2,106.0,20.8,3484.3,6.5,289.6,121.8,107.4,230.9,245.4,900.5,4.7,41.5,96.4,342.3,40749.8,825.1,7.7,30.2,78.4,178.3,188.4,332.3,26.0,360.6,672.8,663.8,183.4,9.0,140.5,187.4,1374.6,71.8,9.1,43.5,48.2,750.1,9.1,141.0,2198.3,14.6,14.2,105.4,2812.3,210.5,395.9,2.2,102.1,71.9,11.7,6.9,91.6,69.9,455.6,7.0,14015.8,3453.6,955.6,370.0,105.3,144.2,1969.8,51.3,4389.6,77.6,389.4,440.9,1.3,26.8,66.4,105.3,76.8,85.5,23.6,28.6,66.2,110.9,14.0,264.1,246.6,398.0,3.9,128.1,12.0,27.4,16.3,1114.8,1.2,74.2,23.9,439.9,387.0,913.8,18.4,268.7,558.5,106.7,59.5,110.3,1251.0,128.0,28.4,2174.9,49.4,104.7,84.0,348.0,1051.9,1447.8,380.5,16.4,1270.2,120.9,808.8,5255.7,155.6,3.4,2.5,2.5,1.8,211.9,102.5,341.8,2.4,39.3,111.5,208.9,80.1,6.5,92.2,786.1,139.6,1440.4,308.3,313.1,9.0,14.1,242.2,214.7,224.4,93.6,1616.8,64.6,14.8,51.6,1.9,25.5,149.2,1952.8,95.5,508.3,1502.3,41.6,1831.7,436.6,7917.9,108.4,240.9,4.0,420.0,1870.7,224.8,129.6,147.9
Males,Other neoplasms,26.6,4.7,11.8,9.2,0.0,44.4,0.3,15.1,6.5,0.6,0.1,0.2,31.2,0.2,0.4,14.4,0.2,4.9,0.1,4.3,1.2,1.1,69.9,0.1,2.5,10.4,4.5,3.1,10.5,17.6,0.1,2.2,5.5,15.2,657.1,77.1,0.4,1.6,4.9,7.8,2.5,8.5,0.8,6.2,5.0,28.6,3.2,0.7,4.9,14.4,64.9,0.3,0.4,1.8,0.7,52.6,1.0,2.7,73.0,0.5,0.6,2.8,71.0,10.2,3.5,0.1,8.6,4.8,0.9,0.6,1.1,0.8,7.3,0.1,288.8,52.1,14.8,35.0,2.7,3.2,80.8,2.1,120.5,3.2,3.8,14.1,0.0,1.1,2.1,1.4,1.0,4.9,1.2,1.2,3.7,1.7,0.4,7.7,10.4,16.1,0.0,4.7,0.2,1.5,0.9,93.6,0.0,1.5,0.0,26.3,13.3,10.5,1.1,4.8,15.0,2.2,1.4,4.1,68.9,2.5,1.7,70.7,3.0,1.3,4.4,6.9,66.2,65.0,6.2,0.2,19.2,1.5,4.9,19.6,4.4,0.1,0.1,0.0,0.0,10.7,4.4,7.2,0.0,1.8,1.5,1.2,0.6,0.1,7.4,28.7,0.1,42.4,3.8,27.2,0.0,1.0,9.3,5.5,12.3,19.9,40.5,0.3,0.1,2.6,0.0,1.6,7.3,2.2,2.5,23.0,2.7,0.5,40.0,22.1,193.7,3.7,20.8,0.0,48.5,17.9,14.5,8.9,2.6
Males,Diabetes mellitus,122.7,5.4,197.3,61.4,0.9,184.7,15.8,87.0,41.0,33.2,2.6,13.4,495.0,3.5,18.0,34.8,2.7,26.3,3.9,52.1,33.6,15.1,1034.3,3.7,33.3,44.6,34.2,43.8,77.7,178.2,1.4,16.9,33.5,75.1,4519.3,204.0,3.1,14.6,20.3,94.6,24.4,57.0,6.8,66.2,81.4,227.8,27.7,4.6,52.3,99.0,564.1,36.9,7.6,19.0,4.5,310.4,28.5,21.0,211.8,8.4,3.5,23.5,410.0,106.9,33.6,1.2,106.3,30.0,4.1,9.3,58.3,21.6,52.0,0.8,6067.3,1864.8,384.7,178.7,13.3,37.6,291.0,28.9,525.3,51.0,32.2,80.9,1.7,16.1,10.1,24.8,8.3,42.7,15.1,9.5,31.5,8.0,2.0,55.4,36.4,132.0,1.0,35.4,2.4,8.6,41.0,1810.2,1.2,4.5,2.9,164.7,65.2,296.3,12.6,96.5,70.3,16.2,29.4,45.4,388.8,18.9,36.5,731.0,24.9,46.0,36.8,122.0,610.9,169.3,56.9,18.8,281.0,12.1,61.3,313.1,33.5,1.7,1.5,1.8,0.3,133.7,33.3,54.5,0.5,19.6,11.4,20.4,7.8,4.3,43.0,591.8,38.3,151.3,193.1,127.3,5.2,10.9,49.9,24.5,44.3,19.1,353.9,13.8,2.4,17.8,1.3,32.8,69.1,408.8,15.7,118.2,97.6,65.7,163.7,143.8,2243.4,14.0,118.6,1.7,278.3,316.3,76.6,42.0,62.4
Males,"Endocrine, blood, immune disorders",72.1,3.7,53.5,77.1,0.3,47.0,2.5,30.1,20.6,16.1,0.7,3.2,163.7,1.1,5.2,18.6,0.4,70.1,1.2,12.5,3.0,3.6,341.8,0.5,7.1,124.6,32.3,20.1,126.7,47.7,0.5,15.9,73.4,17.2,1211.1,50.2,1.7,9.1,4.5,126.0,3.2,10.0,1.5,12.9,26.5,282.2,9.2,2.1,11.6,16.1,203.3,3.4,3.7,9.6,0.8,180.3,3.0,4.9,99.5,3.2,7.4,4.5,146.2,116.3,12.7,0.5,17.7,50.3,5.8,2.3,35.5,6.8,12.9,0.3,1642.4,224.4,69.7,59.7,4.9,13.0,96.1,4.2,119.3,11.2,18.5,69.2,0.3,2.5,5.3,8.4,1.3,5.3,5.9,12.1,7.8,1.6,0.5,33.2,30.0,21.3,0.8,79.7,0.4,10.2,2.4,204.6,0.1,3.5,0.5,39.8,77.0,53.3,5.1,27.3,19.9,5.5,5.2,92.6,969.8,5.7,8.5,379.0,5.1,10.5,6.6,20.9,143.9,30.6,18.0,1.7,40.2,2.2,13.7,77.7,15.9,0.5,0.3,0.2,0.3,41.3,41.3,7.9,0.2,53.1,1.9,5.2,2.6,0.7,47.1,208.8,27.2,60.3,17.9,113.5,0.8,4.9,11.0,9.0,20.6,8.8,68.3,1.5,1.4,27.9,0.2,3.8,12.9,135.5,10.1,109.9,23.4,11.0,73.5,121.1,719.8,4.4,23.3,0.3,25.5,82.3,79.7,38.3,24.3
Males,Mental and substance use disorders,401.4,27.0,459.7,253.6,1.1,522.8,29.5,404.0,116.1,116.4,4.4,23.9,1723.1,3.0,187.0,146.2,3.9,113.9,10.6,129.7,45.3,28.4,3056.6,4.2,72.9,170.5,116.7,152.2,267.0,544.3,6.5,54.2,149.0,235.8,16082.5,490.3,7.8,47.4,51.8,264.5,52.2,153.7,10.1,119.3,272.3,804.0,87.9,9.7,113.8,191.3,994.8,107.0,11.9,53.8,27.1,1152.9,8.1,100.3,845.6,19.5,18.0,40.7,1119.7,288.5,132.6,1.2,224.5,127.3,17.5,10.5,121.2,85.8,113.7,4.1,15332.4,2244.0,1349.6,472.7,65.5,81.1,653.6,29.2,1232.4,92.6,252.6,426.9,1.1,57.9,81.7,66.2,30.3,73.0,27.2,42.1,77.6,51.7,7.2,243.5,163.7,331.9,3.4,161.7,4.8,40.4,15.3,1413.2,1.0,48.2,6.7,446.4,269.0,504.5,28.2,297.6,210.4,62.7,80.1,183.2,2131.1,85.9,80.2,2049.3,39.1,69.2,82.2,334.9,976.6,528.6,122.3,46.8,608.9,64.8,211.4,3561.6,126.4,2.2,1.5,1.7,1.7,429.5,140.4,95.6,1.0,70.1,38.5,61.4,25.9,5.1,106.6,632.5,120.7,539.6,213.4,465.1,6.8,15.6,143.8,104.7,206.0,85.2,826.9,20.2,10.1,75.9,0.9,16.5,136.3,875.7,59.2,393.3,953.5,188.4,923.0,509.9,6556.4,37.8,302.9,2.3,309.3,914.2,311.5,157.5,171.0
Males,Neurological conditions,146.8,21.4,253.9,96.7,0.5,197.7,14.8,187.9,63.1,48.2,1.8,8.2,794.9,2.2,52.8,110.7,1.6,54.5,4.7,56.5,27.5,12.4,1225.7,1.9,41.8,70.8,51.6,64.7,126.8,295.5,2.6,16.5,73.3,105.3,7150.6,270.2,3.8,18.5,29.8,134.7,29.1,86.8,6.7,76.3,104.9,265.9,51.0,5.4,52.8,78.5,506.4,36.4,6.2,22.0,8.8,460.2,4.7,72.9,589.2,8.3,8.8,24.4,768.9,108.3,80.8,0.4,70.9,53.0,6.5,4.1,57.6,38.7,70.1,2.9,6857.4,1277.3,505.4,155.8,35.7,51.3,532.9,15.5,821.5,44.7,78.6,154.1,0.5,18.5,31.0,27.7,12.0,49.8,11.6,17.6,36.5,17.8,4.2,82.0,56.8,148.1,1.8,77.4,3.1,20.1,8.2,640.7,0.4,12.6,4.0,222.3,96.7,239.4,13.7,141.7,171.3,32.3,32.3,82.9,953.8,44.1,29.3,849.3,22.0,23.1,36.1,162.5,407.8,209.8,91.8,15.8,288.1,21.5,109.1,700.3,46.8,1.0,0.6,0.8,0.8,194.2,65.8,59.7,0.6,34.0,15.1,39.4,12.2,1.9,55.1,360.5,47.4,416.1,121.4,200.7,3.1,8.3,94.0,78.2,86.5,39.5,495.6,10.6,4.5,32.4,0.4,9.6,79.6,679.7,24.7,184.6,262.6,64.9,730.0,216.0,2954.4,25.5,165.2,0.9,158.0,479.6,139.6,70.8,63.0
Males,Sense organ diseases,188.1,22.9,286.6,141.7,0.5,239.5,22.1,135.2,53.1,60.5,2.1,8.0,1109.7,1.9,58.9,71.5,1.7,56.3,4.9,71.9,36.0,11.9,1399.9,1.6,60.5,79.2,56.0,105.9,97.4,200.5,2.5,35.4,71.3,113.6,9975.7,327.6,4.5,26.6,33.8,125.0,33.7,93.0,4.9,77.4,172.2,493.1,24.8,5.3,59.4,102.6,704.7,41.8,4.5,27.6,8.0,577.6,5.5,29.8,386.0,10.2,8.4,32.0,631.7,128.0,74.7,0.6,90.6,70.5,10.1,4.0,65.0,49.1,73.1,1.6,9817.9,1748.2,438.0,205.2,23.3,43.6,454.4,17.5,1032.2,37.4,94.2,243.2,0.6,19.0,32.2,42.4,14.7,39.2,11.0,23.0,33.5,19.8,3.1,133.0,78.7,146.8,2.2,87.2,2.6,24.8,9.2,767.4,0.6,15.7,4.8,250.4,142.8,549.4,11.9,159.5,96.4,26.0,37.5,118.9,900.4,25.3,26.1,1073.3,26.0,49.8,41.6,215.7,670.5,339.5,72.2,12.5,283.0,27.0,158.6,974.6,50.7,1.1,0.7,1.2,0.9,175.8,69.9,74.9,0.6,29.9,23.3,34.9,15.8,3.5,63.9,323.8,72.6,320.8,158.4,236.6,3.0,6.3,50.9,46.4,102.2,46.3,556.5,15.8,8.9,33.9,0.6,7.7,76.6,491.1,26.8,136.9,303.6,61.8,418.2,235.7,1601.7,22.4,158.6,1.6,176.2,608.0,204.9,65.7,65.2
Males,Cardiovascular diseases,839.9,165.5,819.5,330.3,2.6,1042.1,125.3,421.5,264.7,416.6,9.4,15.6,3761.1,9.6,770.9,277.0,7.2,206.4,22.6,252.2,200.9,33.3,5314.3,8.2,685.7,295.4,187.9,286.0,480.9,706.1,10.6,97.0,318.1,359.5,50167.9,1117.6,16.4,67.1,93.7,793.6,206.8,394.4,30.1,467.5,1199.0,1075.8,130.9,22.9,323.0,261.2,3398.5,122.8,25.1,100.0,67.6,1649.0,42.4,190.1,1315.9,27.8,36.6,364.9,2954.8,404.9,416.1,2.9,168.6,251.0,29.3,33.6,385.7,168.1,600.3,6.8,44053.8,10114.3,1911.4,705.9,95.2,108.8,1727.5,56.2,3180.2,194.4,937.3,339.0,3.9,113.4,245.5,172.1,146.5,212.7,39.3,66.9,174.8,207.8,12.4,482.7,168.8,804.6,6.6,295.5,13.4,69.5,47.9,2014.6,3.0,125.5,35.0,690.4,321.7,1369.7,38.9,827.1,365.2,95.8,88.6,369.0,3349.0,108.8,90.9,6189.5,74.0,236.4,141.5,511.9,4174.7,1905.6,272.8,31.5,754.4,275.9,1400.5,11193.3,133.1,5.1,4.0,4.9,2.5,723.3,212.0,527.2,4.2,210.0,114.5,228.5,66.2,13.0,270.4,1349.6,185.0,1038.9,706.4,1312.6,19.5,20.0,281.1,178.6,532.8,226.5,1817.5,126.3,20.1,162.7,2.3,52.0,378.3,2046.3,274.8,471.1,3818.4,187.8,1610.7,725.4,9998.8,90.8,1298.0,7.0,775.4,2461.9,920.0,190.2,199.6
Males,Respiratory diseases,160.8,13.4,147.6,91.9,0.5,379.6,14.6,162.0,53.9,35.4,1.3,4.1,1251.9,1.6,47.7,98.0,1.8,54.3,7.7,55.7,22.3,13.8,1199.2,2.1,69.8,63.6,52.4,86.6,125.9,221.1,1.8,23.5,82.2,90.4,11323.1,259.4,3.4,15.4,21.8,167.2,26.3,73.7,7.2,71.5,370.2,291.5,48.3,4.3,38.2,63.6,593.8,20.5,4.7,24.5,6.1,370.2,8.3,31.8,333.3,6.6,8.0,32.2,694.2,101.7,103.0,0.4,49.7,65.9,7.9,4.7,83.1,26.6,93.5,1.8,16360.5,2286.9,297.1,109.0,33.2,37.3,390.1,14.1,1193.8,29.8,118.0,106.3,1.4,12.5,26.1,49.0,9.0,26.8,19.2,12.2,26.1,13.2,3.6,140.3,48.4,181.1,1.9,119.8,2.8,15.6,15.7,496.0,0.9,8.7,2.9,120.1,84.9,687.5,15.2,265.4,132.6,31.2,18.3,95.8,777.2,37.1,12.2,1699.6,20.6,79.6,25.9,156.9,1042.2,261.4,73.3,5.4,302.8,18.6,161.0,672.6,44.5,1.5,0.8,1.3,1.2,86.5,60.1,78.0,0.8,43.0,20.4,25.0,9.7,4.7,62.1,480.8,48.0,410.1,203.5,216.9,2.5,9.6,59.8,49.7,67.7,30.0,676.8,13.9,6.5,36.5,0.9,8.4,53.7,548.7,13.8,146.0,261.0,54.1,570.2,191.2,3230.4,31.3,90.0,2.2,123.1,640.5,148.6,51.9,63.1
Males,Digestive diseases,133.9,12.5,119.4,249.1,0.4,296.2,22.5,82.2,50.8,65.1,1.8,3.1,963.3,1.7,89.9,67.5,2.0,121.9,8.9,116.5,24.6,8.1,1679.8,1.1,84.6,160.7,112.3,218.6,309.0,142.7,2.4,50.2,223.8,157.0,5259.5,236.2,6.8,44.6,32.2,423.1,37.6,76.1,3.9,85.8,131.9,717.9,32.5,10.4,63.0,103.8,1381.3,57.3,20.5,48.8,12.5,956.1,3.5,44.4,340.7,20.7,16.6,50.7,571.2,273.1,47.0,0.7,147.2,129.3,13.4,9.7,108.0,38.8,116.8,0.7,12442.8,2654.6,172.9,62.2,17.1,21.5,304.1,9.8,617.2,22.9,220.6,196.0,1.0,8.1,70.7,46.4,19.9,21.2,9.9,34.3,22.5,41.9,2.8,124.1,85.6,114.6,0.6,166.7,1.4,33.8,8.7,1312.5,0.5,34.7,2.6,81.2,139.6,863.8,10.5,188.4,57.6,11.5,58.7,190.1,2673.4,15.1,9.0,1328.5,17.0,55.8,37.5,293.5,627.0,338.6,74.2,6.2,264.2,80.5,291.0,1739.7,84.8,1.2,0.8,0.7,2.2,92.0,106.5,60.2,1.4,106.5,10.5,64.9,18.3,2.1,147.8,308.2,96.2,255.7,201.8,217.6,4.7,6.8,37.5,33.4,43.8,45.9,657.7,9.5,5.5,69.2,0.7,8.6,39.9,245.2,71.0,334.5,578.6,20.9,398.1,331.4,2026.0,19.0,239.7,0.9,165.1,707.8,113.4,134.0,89.2
Males,Genitourinary diseases,130.3,10.2,148.6,73.6,0.4,198.8,13.3,45.4,28.0,32.5,1.7,4.6,507.8,1.9,24.9,37.2,1.8,68.2,4.5,66.1,13.8,6.5,680.1,1.6,36.2,68.4,34.5,42.1,169.2,90.4,2.1,17.0,104.3,63.4,4133.1,171.0,2.7,12.5,17.2,205.8,14.3,33.0,3.2,32.8,86.7,209.9,15.1,4.3,47.8,52.8,440.3,88.0,5.4,14.8,4.8,334.7,6.7,10.8,158.4,5.8,9.2,18.7,323.3,145.6,42.0,0.4,73.2,59.4,8.5,3.7,59.5,33.6,28.8,0.5,6930.3,1178.4,250.6,111.7,9.9,28.6,184.3,14.4,547.3,33.9,55.5,80.7,0.4,8.9,19.9,23.7,7.6,17.9,7.4,19.8,31.2,8.5,1.4,48.0,35.5,78.9,1.1,98.1,1.1,19.2,4.6,569.6,0.5,10.9,2.3,109.0,74.5,267.9,6.8,114.3,44.6,7.6,68.4,104.4,650.9,12.7,13.5,1173.7,16.3,32.6,31.0,150.0,632.4,93.4,35.7,7.0,145.9,11.7,89.4,404.1,26.1,0.8,0.5,0.9,1.0,151.6,66.9,41.7,1.0,51.9,17.5,16.0,4.7,2.4,47.9,284.1,35.5,148.8,117.6,182.0,4.1,4.7,22.4,24.0,52.8,21.3,456.9,8.1,2.6,32.6,0.6,7.4,60.9,374.2,26.8,115.2,112.0,42.1,140.4,137.8,1413.1,14.4,125.2,1.0,88.9,237.5,110.6,45.2,48.6
Males,Skin diseases,42.9,3.2,52.8,55.6,0.2,65.0,3.1,31.2,9.5,10.4,0.6,2.1,234.0,0.5,9.8,14.1,0.6,19.0,1.2,17.0,4.0,3.8,373.4,0.5,7.7,38.5,23.6,28.9,42.9,47.8,0.9,7.5,25.0,22.9,1846.6,73.8,1.9,9.1,6.6,43.0,4.4,16.9,1.1,12.6,34.0,141.5,7.1,2.2,15.2,24.9,116.5,8.5,3.0,10.7,1.5,217.7,2.1,6.8,79.3,3.6,3.5,4.4,99.2,43.6,11.4,0.3,22.6,20.5,2.8,1.1,17.6,10.6,11.4,0.4,1789.8,465.9,96.0,52.2,5.5,12.7,66.4,5.3,151.0,10.5,18.6,87.7,0.3,5.0,6.9,13.4,2.5,8.7,3.4,7.2,8.3,3.3,0.7,43.0,33.2,61.7,0.8,29.6,0.6,7.7,2.4,181.1,0.2,3.6,0.7,42.4,63.5,100.8,4.3,45.2,21.3,6.2,8.5,32.1,375.0,6.7,7.9,308.8,6.0,15.4,11.4,50.6,213.2,43.3,11.4,3.9,57.4,4.9,21.4,179.1,21.8,0.4,0.2,0.4,0.3,53.0,24.7,10.1,0.2,11.7,5.6,7.2,2.3,1.1,23.6,93.3,24.6,54.2,30.6,52.0,1.1,2.4,13.1,10.0,22.2,9.5,162.5,2.2,2.0,12.0,0.2,2.2,15.0,95.5,6.1,83.4,46.0,15.3,90.4,117.6,447.2,4.6,32.1,0.5,37.9,154.8,37.7,37.7,26.1
Males,Musculoskeletal diseases,128.6,20.1,267.5,79.4,0.6,385.2,16.5,233.1,65.9,49.6,2.6,11.9,876.4,2.2,62.8,92.6,1.8,39.3,4.6,53.6,28.9,10.3,1422.1,2.5,53.9,57.5,35.5,69.8,81.9,325.6,2.1,19.5,46.8,184.8,7455.1,265.5,2.9,17.0,27.4,86.2,32.6,86.3,6.7,83.4,125.2,261.1,63.2,3.6,57.2,86.5,565.8,26.3,3.9,14.8,9.8,325.4,5.3,45.2,499.0,7.6,6.3,22.9,753.4,96.6,84.8,0.7,60.5,45.8,6.7,4.1,52.0,34.4,77.6,2.6,7679.5,1336.5,522.0,141.9,33.4,53.7,523.8,17.4,1250.7,44.3,83.0,163.1,0.5,29.4,24.9,29.1,14.6,33.1,8.4,15.5,37.3,21.1,4.6,85.9,55.8,151.0,1.8,52.5,3.6,15.9,8.3,625.9,0.5,12.3,4.3,237.1,86.1,261.3,9.4,141.7,154.1,41.8,25.5,65.4,658.5,38.9,40.5,760.0,18.8,32.3,36.0,165.1,523.7,269.5,86.1,22.3,386.3,27.3,141.7,889.2,33.3,1.3,0.7,0.9,0.6,244.9,47.1,66.5,0.6,22.2,27.9,40.8,17.5,2.4,31.7,271.4,39.7,359.8,106.2,201.8,3.3,4.8,87.6,74.2,85.1,31.0,501.3,13.7,4.0,25.3,0.5,10.1,83.5,590.8,22.3,112.9,324.9,104.3,568.6,166.1,2755.2,32.1,128.2,1.2,138.6,520.1,122.2,49.4,55.1
Males,Congenital anomalies,339.2,9.4,248.9,397.9,0.3,157.5,10.8,36.3,16.5,47.5,0.7,4.7,810.8,0.9,20.6,19.0,1.7,110.9,4.0,78.1,6.3,13.9,738.5,1.4,13.5,162.9,114.5,63.6,277.8,56.4,2.7,55.5,179.8,53.4,2524.1,195.3,6.8,49.8,16.1,295.9,8.0,18.7,1.2,14.0,77.2,1014.1,9.9,6.7,66.7,102.7,808.7,28.6,14.0,32.0,2.0,761.6,5.3,10.0,101.5,17.1,20.9,11.6,137.7,249.6,16.1,0.3,89.1,107.7,18.8,3.6,86.6,35.2,17.8,0.5,5210.9,995.0,273.7,334.2,11.7,19.7,83.6,9.0,143.7,63.0,66.6,398.4,1.5,15.5,32.2,44.8,4.1,16.8,20.0,36.3,31.4,6.7,0.9,172.0,168.8,69.8,1.2,190.5,1.0,34.9,3.8,609.3,0.7,15.6,0.6,173.7,271.8,238.6,16.6,114.9,29.7,9.2,32.5,200.7,1924.1,8.5,19.3,1486.0,21.7,56.0,37.9,142.3,485.9,70.3,11.7,8.1,50.1,15.5,36.9,377.7,88.6,0.5,0.5,1.1,1.1,151.4,125.2,15.8,0.4,83.1,5.1,11.7,3.3,3.4,174.9,301.9,114.6,56.0,63.7,398.9,2.1,15.1,16.6,16.1,93.7,63.9,162.5,3.6,9.4,67.6,0.7,5.3,50.9,370.5,54.4,418.0,109.2,24.7,117.7,546.3,770.5,11.1,168.3,2.0,137.3,477.7,254.1,156.4,173.3
Males,Oral conditions,28.1,4.9,51.3,18.2,0.1,57.5,4.9,43.2,21.4,14.3,0.6,2.1,149.5,0.5,14.7,26.7,0.4,9.2,0.9,14.5,7.5,2.2,319.6,0.5,14.2,12.8,7.1,9.4,19.3,69.2,0.5,4.3,11.2,30.8,1395.1,67.5,0.6,3.9,7.6,22.3,9.7,23.7,1.7,21.2,21.8,60.7,13.7,0.7,14.0,23.7,102.1,7.3,0.8,3.4,2.3,64.2,0.7,11.6,108.0,1.7,2.0,7.0,187.1,22.1,24.2,0.1,16.9,10.8,1.6,1.0,11.8,8.8,16.1,0.7,1700.3,296.2,91.4,33.5,9.2,13.2,98.3,4.2,301.0,8.1,24.8,39.1,0.1,5.9,6.8,3.6,3.2,8.6,1.8,3.9,7.6,5.2,1.3,13.4,11.6,27.0,0.3,12.8,1.0,3.9,1.7,180.3,0.1,3.5,1.1,52.6,17.1,39.8,2.6,21.6,46.4,7.8,6.8,14.9,91.0,11.1,7.4,183.6,5.4,4.2,7.8,46.5,85.0,71.5,21.4,3.9,90.2,6.7,38.1,243.5,7.2,0.3,0.2,0.1,0.2,41.2,12.8,16.4,0.1,5.3,6.7,8.3,5.2,0.3,6.7,59.1,8.3,76.1,20.7,37.4,0.7,1.1,18.7,19.6,19.0,9.1,81.1,3.6,0.8,6.1,0.1,2.3,17.2,128.9,6.4,22.6,75.7,16.6,143.4,24.2,497.8,5.4,36.2,0.2,41.4,66.4,23.2,10.0,9.7
Males,Sudden infant death syndrome,19.8,0.7,12.0,33.9,0.0,11.8,0.1,3.1,0.4,0.8,0.0,0.1,66.8,0.0,0.8,1.2,0.0,11.1,0.3,1.1,0.0,0.3,10.2,0.1,0.2,16.3,11.2,2.4,24.4,3.4,0.2,4.3,13.9,2.2,36.7,2.7,0.6,2.9,0.1,17.9,0.3,0.3,0.1,0.7,1.1,115.0,0.1,0.5,0.4,1.5,29.1,1.6,1.2,2.7,0.1,56.4,0.1,0.4,6.8,0.6,1.5,0.2,5.8,9.5,0.2,0.0,5.3,9.0,1.4,0.0,3.4,0.8,0.6,0.0,285.0,39.2,2.4,13.4,0.6,0.9,0.9,0.3,7.7,0.6,4.3,18.3,0.0,0.4,0.9,1.9,0.3,0.4,1.1,3.3,0.6,0.3,0.0,9.3,7.2,1.2,0.0,13.0,0.0,3.3,0.0,17.5,0.0,0.3,0.1,9.0,28.2,13.5,0.9,10.3,0.5,1.0,1.3,15.0,140.6,0.4,0.6,238.9,0.2,2.0,1.7,0.9,25.7,1.5,0.1,0.2,3.9,0.3,0.4,35.2,5.7,0.0,0.0,0.0,0.1,8.8,10.7,0.3,0.0,7.7,0.1,0.5,0.1,0.1,16.7,24.9,5.2,1.7,0.8,16.5,0.2,0.9,1.1,0.4,2.1,4.2,8.2,0.2,0.8,4.3,0.0,0.2,1.9,6.5,3.0,30.1,3.7,0.9,6.8,37.8,74.6,0.5,4.4,0.0,0.8,14.6,31.6,10.0,2.1
Males,Unintentional injuries,869.3,47.4,718.1,853.0,1.7,632.0,47.7,205.8,93.2,142.8,4.5,14.1,2405.0,3.0,257.7,126.2,6.4,366.1,16.7,296.2,61.4,38.3,3912.7,5.5,126.3,584.1,443.0,332.6,943.0,350.4,7.3,171.9,659.9,210.8,19878.0,868.8,20.3,131.9,66.9,1003.9,68.6,131.9,10.2,197.5,472.4,3027.5,45.5,26.5,246.9,373.9,1358.5,118.6,48.1,137.2,22.5,2885.5,13.5,67.2,651.1,47.8,59.9,78.6,745.6,646.4,126.0,1.9,382.2,374.9,48.3,21.8,390.4,99.6,165.9,2.9,30761.8,3759.4,1402.3,566.0,39.3,58.3,574.6,24.5,1201.6,157.2,433.4,1106.7,1.4,67.1,107.1,147.5,44.4,71.8,55.7,120.2,121.7,70.6,5.8,592.2,403.4,479.9,2.3,619.7,3.6,103.5,16.3,1670.7,1.3,76.7,10.1,474.8,816.9,1042.6,57.4,471.1,124.4,47.1,106.9,838.2,5818.4,46.4,99.1,3661.2,52.9,154.2,150.8,540.9,1365.1,704.2,100.0,50.0,554.0,84.8,400.4,4177.1,323.9,3.0,1.8,2.2,5.6,722.0,406.6,119.5,1.6,287.0,33.0,109.0,40.7,9.3,524.7,1038.8,367.0,385.1,391.6,1362.2,10.6,39.1,92.2,75.5,226.7,170.9,1754.0,27.2,26.2,228.2,1.2,23.3,162.1,996.0,115.2,1277.5,1013.0,153.8,514.7,1640.0,4107.4,54.6,462.5,3.7,944.0,2068.0,847.8,460.2,516.0
Males,Intentional injuries,1641.8,11.2,145.7,222.1,0.1,318.5,10.4,121.7,41.0,31.4,5.8,5.2,425.5,1.1,111.1,69.5,6.1,75.8,4.0,129.7,20.0,22.6,4079.5,1.1,28.7,140.4,98.7,72.4,261.9,176.5,4.1,128.7,122.9,117.8,3209.0,1318.3,5.0,45.4,43.2,242.3,23.4,72.3,3.0,52.3,130.2,802.5,20.7,5.5,138.9,121.3,417.7,199.3,11.1,36.7,10.1,733.9,3.1,32.1,305.1,14.7,14.8,21.0,308.8,164.9,23.4,0.3,241.1,77.6,7.0,15.7,211.7,221.9,56.7,2.1,9212.5,920.6,412.0,2054.1,23.2,30.0,151.1,52.2,686.8,23.9,235.3,205.9,1.4,9.8,38.3,45.4,19.0,54.1,50.1,35.4,205.3,40.1,2.3,119.8,39.0,123.8,2.0,157.7,1.4,29.8,5.6,1518.5,0.8,32.3,2.6,48.4,113.3,242.0,34.1,123.5,61.8,23.4,83.3,145.0,1753.2,20.3,21.5,1125.9,54.4,61.5,55.1,231.0,1153.2,259.7,40.6,20.0,407.1,33.6,84.4,2460.6,92.1,1.9,0.8,0.7,0.9,125.6,93.2,46.7,0.7,75.8,17.1,29.2,12.8,2.6,388.2,1144.8,146.1,126.4,178.3,486.0,7.2,21.8,45.5,35.1,3083.1,19.0,589.0,6.7,9.3,57.9,0.3,38.3,24.5,413.9,27.7,444.4,486.0,34.5,235.9,325.5,2913.9,34.8,119.9,0.9,961.6,480.1,416.8,124.8,187.6
Females,Infectious and parasitic diseases,1150.6,4.5,211.9,2403.3,0.5,195.2,6.2,27.5,9.7,43.1,4.5,2.1,2271.6,1.6,38.2,21.5,5.3,892.4,14.5,120.6,4.3,147.0,1227.9,0.8,11.8,1889.2,861.1,261.0,2535.1,59.5,5.7,800.5,1856.2,39.7,4048.9,218.0,31.9,369.6,13.4,2371.0,6.7,29.6,1.6,22.7,225.3,8461.1,9.2,50.7,113.9,77.9,519.0,31.4,113.7,193.6,3.3,5104.5,6.4,4.6,95.8,130.5,127.9,11.7,172.0,1735.0,34.7,0.4,165.3,1319.5,176.2,13.8,396.0,70.3,15.4,0.2,28529.1,5048.2,247.9,215.3,3.9,14.3,118.2,19.6,178.1,25.7,53.1,3005.7,2.5,8.6,27.2,189.2,5.9,16.0,388.1,444.5,28.8,10.2,0.6,1052.3,1344.3,170.0,1.0,2260.8,0.3,230.0,5.2,367.2,1.3,20.9,0.7,197.0,3484.8,1109.3,181.4,554.6,25.4,4.7,28.6,2209.6,22015.9,7.2,8.9,5884.4,27.9,329.7,49.3,175.9,1322.9,50.2,25.1,1.8,88.5,10.3,49.3,863.8,469.5,1.0,0.9,1.0,4.6,75.4,615.2,12.9,0.4,983.1,3.9,7.9,2.8,8.2,1850.9,4386.6,1413.0,68.3,92.7,1495.9,6.1,162.6,14.2,9.3,145.7,86.1,668.7,2.4,36.8,663.0,0.8,10.2,35.3,181.1,64.1,2915.2,376.2,9.7,89.2,3656.2,753.1,10.5,151.4,3.5,192.4,628.7,640.0,1520.9,1326.4
Females,Respiratory Infectious ,740.6,6.5,251.3,960.1,0.3,290.1,6.2,41.3,13.8,45.3,1.3,1.5,1031.3,2.2,13.0,44.3,1.5,381.8,6.1,118.7,5.1,20.4,1062.7,0.9,18.1,503.3,331.3,167.7,682.7,71.1,3.8,196.0,990.1,41.2,2867.2,178.7,21.0,88.2,9.8,860.8,5.6,56.4,1.5,29.3,95.1,2804.0,16.4,17.1,53.0,87.5,516.4,30.2,34.4,94.0,2.6,1906.3,4.7,6.1,152.2,27.3,47.0,8.0,199.8,449.3,57.5,0.7,147.6,422.0,56.0,4.8,212.1,27.0,14.1,0.7,13707.1,1426.0,240.2,225.7,11.0,22.1,122.9,7.3,757.3,33.1,55.7,633.8,1.7,13.5,34.6,108.1,5.0,11.3,58.0,109.4,20.2,7.2,1.1,450.4,262.1,155.9,0.6,605.3,1.5,94.3,3.1,400.7,0.9,10.0,0.7,163.9,629.2,576.6,40.7,233.4,43.7,9.4,28.0,976.1,8883.2,14.3,8.6,3284.6,15.9,105.4,30.4,273.6,1244.3,129.0,52.8,1.5,137.7,14.7,83.6,439.7,151.0,0.7,0.7,0.8,2.7,97.1,250.1,14.7,0.5,287.9,41.4,16.7,5.5,5.1,915.7,724.5,439.2,103.8,63.3,780.8,2.2,28.7,23.1,17.3,63.3,108.3,432.3,2.9,25.1,189.8,0.6,4.5,43.8,157.0,56.0,950.3,90.8,6.7,287.4,1164.8,810.2,12.0,159.2,1.9,110.6,293.1,510.3,345.3,328.4
Females,Maternal conditions,225.3,0.6,62.0,214.4,0.2,29.1,0.6,2.4,0.4,3.1,0.3,0.3,321.7,0.1,1.0,1.2,0.2,88.8,1.4,29.1,0.4,5.1,96.7,0.1,0.7,157.4,189.4,32.4,298.1,2.1,0.5,76.1,398.9,4.2,298.2,44.5,5.2,46.8,1.5,420.6,0.3,3.2,0.1,0.7,18.0,977.2,0.4,3.8,9.5,14.9,64.3,3.5,8.3,40.4,0.2,847.2,0.4,0.2,7.0,9.3,32.9,1.5,6.0,164.3,0.6,0.0,23.1,168.9,15.5,1.6,64.0,16.9,1.0,0.0,2704.0,586.5,20.9,43.1,0.4,1.0,2.5,2.8,5.2,8.4,3.2,354.6,0.2,0.6,6.4,27.2,0.3,1.9,24.8,57.9,1.2,0.3,0.0,195.5,143.6,13.9,0.3,277.8,0.0,57.9,0.5,60.7,0.1,1.7,0.1,33.1,240.3,78.5,14.9,76.0,1.3,0.7,11.8,352.3,4358.0,0.4,1.2,600.6,4.2,19.6,17.1,31.5,184.6,2.1,0.8,0.4,4.3,1.1,3.5,38.0,56.1,0.2,0.1,0.1,0.6,7.6,90.9,1.0,0.1,171.7,0.4,0.4,0.2,0.8,272.3,102.8,210.5,3.4,6.6,229.0,1.1,8.4,0.6,0.5,19.7,4.5,12.5,0.2,4.5,57.1,0.1,0.8,8.5,16.7,2.1,361.5,10.2,0.9,8.1,636.3,47.7,0.7,16.5,0.3,40.5,56.4,204.1,104.2,177.2
Females,Neonatal conditions,1643.2,8.3,555.9,1273.4,0.3,168.6,12.5,36.2,11.2,108.5,1.5,4.0,2280.3,1.3,14.6,13.9,3.2,509.5,9.9,165.7,7.5,47.3,965.0,1.2,14.2,690.3,393.8,215.9,753.9,66.8,4.4,259.3,814.4,42.9,3690.8,222.0,31.3,133.9,12.7,1129.5,6.7,22.5,1.5,13.5,135.7,3589.8,10.2,25.6,164.6,123.4,1108.2,29.8,46.6,103.0,1.6,3058.3,5.9,5.9,97.2,45.0,81.0,14.9,115.8,874.9,13.8,0.7,201.7,416.6,85.3,11.6,264.2,72.9,18.1,0.3,26363.8,2342.5,510.7,950.4,6.1,15.2,72.3,22.5,80.3,91.8,88.5,1255.8,3.0,11.6,64.2,160.3,3.3,19.7,85.6,134.3,34.6,4.3,0.7,535.9,552.4,99.9,1.4,1020.2,0.9,181.3,5.1,615.6,1.6,22.6,1.4,454.2,1105.0,909.8,48.1,450.5,24.6,8.5,33.4,1017.5,8898.9,5.9,14.9,9435.4,22.5,203.1,52.3,176.5,1066.6,56.8,10.3,4.3,56.5,17.0,39.5,338.3,223.5,1.1,0.8,1.7,3.4,185.3,410.1,20.3,0.5,325.7,3.9,9.1,2.1,7.0,824.2,604.9,550.4,53.5,69.0,1440.9,4.7,34.1,12.2,15.6,119.2,175.9,209.3,9.2,31.3,243.5,0.8,8.9,73.9,316.0,105.7,1286.6,110.9,15.8,115.0,1712.3,697.2,8.8,309.4,2.9,205.7,632.5,756.4,537.8,451.1
Females,Nutritional deficiencies,146.8,4.3,113.5,330.4,0.3,59.6,4.3,9.1,5.1,31.0,1.0,4.6,675.9,0.9,8.2,9.6,1.4,210.0,6.7,58.8,6.1,8.0,635.1,0.6,8.6,338.7,193.6,88.8,279.2,16.6,3.5,82.1,310.5,21.0,1227.3,65.6,8.9,64.0,4.6,380.7,2.0,29.6,0.5,12.5,99.7,1456.6,3.4,11.2,28.0,20.6,246.0,7.6,10.4,55.0,0.9,844.4,3.2,2.4,47.6,17.6,32.9,10.8,62.3,311.0,6.7,0.3,60.1,175.4,21.7,5.0,108.1,17.9,13.0,0.1,14456.9,1130.7,104.5,164.0,2.3,7.7,51.8,9.9,151.3,22.5,85.9,324.0,1.1,8.1,27.8,36.7,1.5,10.5,18.2,39.2,12.0,2.1,0.4,284.3,190.5,61.3,1.8,434.0,0.2,48.9,6.5,250.7,0.5,10.4,0.7,89.7,299.9,194.9,13.7,124.0,10.7,1.6,11.3,438.6,3043.6,3.8,7.2,1329.0,8.3,47.5,21.3,96.3,301.1,44.7,9.5,1.8,82.6,9.0,48.6,100.1,74.9,0.6,0.4,0.6,1.4,112.7,166.6,13.4,0.2,132.4,5.3,5.7,2.3,3.1,263.8,288.3,174.0,38.2,56.4,323.2,1.6,10.1,5.4,12.9,52.8,35.9,61.7,3.3,3.8,89.5,0.5,4.0,9.7,199.3,15.0,356.6,22.5,16.5,51.0,585.9,179.3,5.2,193.6,2.1,26.7,150.8,362.9,191.7,199.6
Females,Malignant neoplasms,413.1,60.7,445.2,174.8,1.8,800.9,89.2,441.0,203.9,146.9,7.0,7.2,1707.8,7.8,203.7,267.7,4.1,88.3,6.9,135.5,73.6,20.0,3152.4,6.0,198.1,179.0,140.9,215.7,275.2,811.1,5.6,50.2,122.4,320.5,20363.0,863.1,10.5,31.9,71.6,190.6,127.5,255.0,17.5,274.8,567.6,771.5,162.9,11.9,135.8,213.7,1113.5,105.5,9.8,67.5,37.5,1262.4,11.7,119.1,1500.0,14.0,9.2,86.6,2194.5,221.3,249.7,1.8,139.9,87.6,14.0,10.7,112.4,94.0,348.9,7.0,13893.5,3276.0,825.9,379.2,98.7,128.1,1530.3,44.0,2940.8,69.9,349.5,512.2,1.4,24.7,60.7,74.8,61.1,82.0,24.2,37.7,58.9,83.5,11.0,271.7,234.0,388.5,2.7,210.6,9.2,33.6,18.4,1277.3,1.2,50.4,16.5,399.5,463.1,820.4,17.1,325.1,477.6,98.6,68.3,128.4,1797.9,110.0,15.5,2440.7,47.5,136.5,82.0,410.0,1199.4,1097.8,232.3,8.1,740.6,82.0,531.6,4228.7,170.9,3.5,2.2,2.3,1.9,183.7,141.8,248.4,1.6,57.8,91.2,145.2,57.2,7.4,135.9,846.5,164.4,896.5,284.1,318.8,8.9,13.9,223.3,169.1,217.9,83.1,1255.1,42.9,12.7,73.5,1.6,25.3,99.0,1177.0,80.4,480.2,1152.0,31.5,1621.1,520.6,6998.6,87.8,266.3,3.3,433.3,1404.9,231.2,166.3,189.1
Females,Other neoplasms,21.9,3.5,10.9,10.7,0.1,35.6,1.9,12.0,6.1,0.6,0.1,0.1,38.8,0.4,1.8,11.5,0.1,3.9,0.2,3.7,2.0,1.2,68.8,0.0,2.5,7.1,5.2,3.5,9.1,15.8,0.1,2.2,5.6,14.5,548.4,63.6,0.4,1.1,3.8,7.3,3.0,9.1,0.8,5.2,6.3,30.5,3.0,0.8,3.9,13.7,57.9,0.2,0.5,1.8,0.9,51.8,0.8,3.3,56.4,0.4,0.7,2.1,64.3,6.2,3.1,0.1,8.8,3.9,0.7,0.6,2.7,0.7,7.0,0.1,263.5,48.1,15.2,24.1,1.9,2.9,66.2,2.2,98.5,2.8,4.9,9.5,0.0,1.0,2.1,1.4,1.5,3.3,0.8,1.3,3.2,1.6,0.3,7.1,5.4,11.8,0.0,2.9,0.3,1.4,1.2,94.5,0.0,1.4,0.0,19.7,9.1,11.8,0.7,3.9,14.7,2.0,1.6,3.2,79.8,2.3,0.8,83.6,2.6,1.4,2.6,7.2,52.8,48.7,5.4,0.0,14.7,1.8,4.0,26.9,5.0,0.2,0.0,0.0,0.0,8.5,4.4,6.4,0.0,2.1,1.3,1.7,0.6,0.0,7.5,24.0,0.1,35.1,2.4,20.8,0.0,1.0,8.5,5.5,8.7,8.3,34.7,0.3,0.1,2.5,0.0,1.7,5.8,1.8,4.8,7.8,4.7,0.1,34.3,9.0,167.8,3.3,15.2,0.0,37.5,19.5,13.7,5.9,1.8
Females,Diabetes mellitus,215.2,4.7,210.5,46.3,0.8,166.0,20.7,69.7,35.8,37.8,2.7,8.9,575.0,4.0,22.8,31.7,2.9,32.5,4.4,58.6,36.5,18.3,1104.7,2.9,34.1,41.2,21.9,59.1,90.9,133.8,2.3,12.0,43.7,73.9,4770.1,208.3,2.2,13.9,20.0,124.0,25.1,55.6,5.7,59.9,87.0,142.4,18.5,3.0,47.7,105.2,526.9,49.5,4.1,13.3,5.2,218.3,25.0,17.0,167.2,6.6,4.3,21.7,366.4,92.8,30.0,1.2,143.1,46.1,6.0,10.9,94.6,30.9,50.7,0.5,5433.4,2168.3,406.9,213.8,10.4,33.5,288.1,38.0,479.2,45.0,41.4,50.9,1.8,11.6,11.2,43.8,10.8,24.8,23.4,12.6,32.7,8.5,1.6,45.0,25.7,141.6,0.9,55.4,1.9,12.6,30.1,1697.4,1.2,3.0,2.9,239.9,54.7,335.4,15.0,128.6,58.9,12.6,38.2,54.8,558.4,14.0,17.6,1033.7,25.4,60.7,48.7,113.8,589.3,148.9,60.8,6.6,231.3,14.9,56.9,456.5,25.8,1.9,1.5,1.5,0.3,84.4,43.7,51.5,0.5,35.0,11.4,19.4,6.7,4.8,33.4,632.7,30.5,144.6,208.1,155.9,4.6,15.1,36.8,19.8,49.6,16.6,435.2,15.5,3.0,20.7,1.5,28.1,73.3,479.2,18.1,84.9,124.6,17.4,148.7,113.4,1811.3,14.0,120.2,1.8,235.9,420.2,103.3,30.5,72.0
Females,"Endocrine, blood, immune disorders",108.1,4.2,64.9,80.8,0.4,54.0,2.4,30.1,17.2,15.8,0.8,2.6,238.0,0.8,9.4,20.1,0.6,123.0,1.7,13.7,4.3,3.4,329.7,0.5,9.2,249.7,24.6,24.4,195.8,49.7,0.6,16.0,109.4,20.1,1726.5,55.0,1.6,10.9,5.1,196.9,4.8,11.0,2.3,17.0,30.6,270.0,9.7,2.0,13.2,19.2,138.0,3.9,4.5,7.8,1.8,160.1,1.8,7.3,111.5,3.8,10.3,3.9,146.1,128.9,15.4,0.4,19.6,112.7,7.2,2.8,41.8,8.5,16.5,0.5,1786.3,361.4,97.3,52.6,7.0,14.2,127.4,4.6,156.2,15.1,18.1,64.7,0.2,3.0,5.3,11.8,2.6,6.8,6.8,16.7,9.2,3.4,0.9,29.3,23.2,21.5,0.8,111.3,0.6,15.0,2.2,209.0,0.1,3.8,0.6,60.1,56.4,112.8,4.2,37.1,21.3,5.3,6.4,145.6,2189.8,6.4,5.1,430.6,4.5,9.9,7.4,23.0,158.4,40.8,19.9,1.0,37.7,4.1,16.9,156.9,13.5,0.6,0.3,0.2,0.6,50.3,52.6,11.5,0.2,104.6,2.1,6.7,2.9,0.5,39.7,153.4,24.6,69.2,19.5,118.8,0.9,5.0,11.8,12.0,30.6,10.6,73.3,1.9,1.5,52.4,0.1,4.0,19.4,146.2,8.5,95.8,46.4,6.1,80.1,116.6,702.1,6.0,26.0,0.2,23.7,115.8,75.8,35.8,25.4
Females,Mental and substance use disorders,358.3,28.1,468.0,227.1,1.1,589.7,30.9,398.4,120.6,92.8,4.4,13.3,1766.1,3.3,155.3,160.0,3.7,100.0,7.7,116.2,39.8,23.8,2990.2,4.1,76.9,161.6,107.0,137.1,216.7,519.4,5.4,49.9,125.1,262.5,15012.5,426.6,7.1,43.5,47.1,194.0,48.1,142.6,12.1,114.3,267.2,718.3,74.9,8.9,109.3,171.6,997.5,63.6,8.5,48.7,20.4,936.8,7.6,83.3,991.0,16.6,19.3,39.7,1167.5,249.5,152.6,1.2,161.8,113.3,17.1,9.6,112.3,71.9,115.9,4.3,12612.6,2157.4,1213.9,394.1,64.7,86.9,808.6,30.1,1343.0,84.3,188.8,406.1,0.9,45.3,55.9,56.9,28.3,79.7,25.7,45.1,75.8,44.7,7.9,226.9,148.5,300.1,3.3,139.1,5.5,34.1,13.1,1174.1,0.8,30.6,6.5,488.1,258.0,461.4,24.3,297.5,241.3,69.9,57.0,167.6,1660.0,72.7,37.2,1817.2,35.9,60.0,80.8,311.8,840.1,387.9,158.3,16.3,634.4,56.5,205.1,2345.8,119.4,2.1,1.2,1.5,1.6,313.6,129.9,92.9,0.9,61.6,44.1,57.0,23.3,4.5,99.1,586.6,113.3,655.0,199.3,430.9,6.7,13.1,144.2,117.0,200.8,67.7,698.2,20.5,8.9,67.4,0.8,16.0,145.1,1001.8,50.0,382.0,759.6,59.1,893.1,474.7,6111.3,45.8,264.5,2.1,286.5,903.2,296.2,137.2,139.1
Females,Neurological conditions,191.9,27.5,327.5,135.3,0.6,285.9,26.1,270.3,97.1,66.3,2.6,6.9,932.8,2.7,105.5,164.0,2.1,61.0,5.3,68.3,40.0,13.6,1596.6,2.7,55.2,83.8,49.5,95.9,132.6,433.5,3.3,26.6,72.1,143.4,10956.2,337.4,3.9,25.7,36.3,131.0,42.5,112.3,9.5,98.4,166.2,401.0,73.0,5.3,66.9,98.3,654.4,51.7,6.9,23.4,12.5,435.0,4.1,112.8,899.3,11.8,9.7,44.7,1104.8,155.3,117.1,0.6,95.2,61.9,8.0,4.6,65.2,57.5,100.5,4.3,8567.2,1676.2,646.4,216.4,54.3,70.0,867.3,20.6,1337.5,57.2,125.3,186.7,0.7,19.7,33.5,38.8,19.1,64.7,13.8,21.0,50.5,26.4,6.3,95.1,69.3,196.3,2.1,79.9,4.6,22.7,7.7,840.1,0.5,17.5,5.9,303.8,131.8,420.1,15.8,200.7,255.7,47.4,46.1,89.5,1056.8,67.6,20.1,1216.1,26.8,29.7,48.8,220.3,472.5,291.6,137.2,7.7,446.0,27.3,150.9,1431.9,56.1,1.2,0.7,0.9,1.0,192.8,75.2,82.9,0.8,35.0,22.3,59.0,16.6,2.2,48.5,400.7,52.1,698.3,181.9,266.1,3.8,8.6,139.7,118.9,128.2,49.6,673.9,13.8,5.8,39.2,0.6,10.0,121.4,976.0,35.1,182.4,507.5,30.1,1098.3,251.6,4433.5,35.6,189.4,1.1,190.5,739.1,173.8,73.4,84.7
Females,Sense organ diseases,185.1,24.4,306.7,139.2,0.6,280.8,30.2,122.1,63.2,67.3,2.6,5.0,1083.1,2.4,93.0,82.9,1.8,63.0,4.0,77.6,43.1,12.5,1641.6,1.4,75.4,93.5,56.3,127.3,107.3,194.2,3.1,36.7,81.1,128.0,9929.0,385.5,4.5,25.2,35.8,118.7,46.1,105.6,5.5,92.8,222.7,480.3,28.4,5.2,66.0,110.0,809.9,53.7,3.8,28.1,13.3,599.1,5.6,35.1,470.8,9.8,8.8,43.6,729.9,143.5,86.3,0.7,104.4,75.4,11.1,4.4,79.6,53.8,102.7,1.7,10703.3,1798.5,436.1,226.4,25.1,48.7,568.7,19.7,1178.0,36.1,118.7,226.1,0.7,14.2,36.1,45.8,23.2,39.8,13.1,24.6,35.5,32.1,3.4,137.6,77.3,149.0,2.0,96.6,2.9,27.0,10.2,805.6,0.6,16.9,5.5,290.6,158.8,634.8,14.2,174.0,103.9,23.3,43.8,121.3,948.8,26.0,14.2,1035.8,27.5,51.7,42.5,244.3,691.3,437.1,93.7,4.7,315.3,35.1,202.2,1527.8,59.6,1.4,0.7,1.2,1.0,130.9,82.9,90.9,0.6,30.8,26.3,45.7,19.3,3.3,67.2,384.9,75.3,375.5,178.7,248.5,3.7,6.9,55.2,53.8,107.7,44.2,608.9,17.7,9.0,38.1,0.6,9.4,86.0,612.8,29.9,132.5,487.4,20.7,454.6,244.0,1580.5,29.4,174.8,1.6,196.5,773.2,211.5,65.7,68.4
Females,Cardiovascular diseases,730.8,119.1,757.0,341.1,2.4,789.9,102.4,328.0,243.3,310.1,7.4,8.4,3124.7,8.5,649.1,247.0,5.1,206.3,19.0,203.6,184.5,36.8,3899.8,5.6,564.9,327.3,170.7,325.0,424.6,531.8,11.4,100.6,292.9,271.7,47040.3,830.2,13.2,83.0,64.1,668.4,190.8,300.0,20.3,387.1,866.3,1162.1,97.9,18.2,246.0,198.4,2950.9,101.0,19.8,83.2,66.9,1360.9,21.5,140.3,1116.7,29.9,31.5,298.8,2563.5,748.6,334.5,2.6,164.0,274.6,31.6,27.7,394.6,85.5,529.2,4.8,28155.1,7847.8,1499.6,639.6,67.7,85.1,1624.6,56.4,2817.0,141.1,730.8,289.4,2.5,38.1,173.5,190.7,140.0,158.9,58.5,65.2,131.0,190.4,9.7,446.4,154.8,536.7,3.5,392.2,10.6,73.8,32.9,1525.2,2.8,81.9,31.4,703.7,351.1,1449.5,42.0,535.8,308.5,73.8,84.6,355.3,3603.9,86.5,38.2,4301.3,47.2,185.5,116.7,393.2,2698.1,1495.5,246.9,6.5,601.3,251.5,1200.9,9488.6,128.0,4.7,2.9,2.9,3.3,413.8,221.2,483.7,2.4,228.9,71.3,182.8,64.7,9.9,244.2,1132.8,175.1,882.3,466.6,1262.6,13.3,24.7,226.5,154.0,422.9,187.3,1214.1,109.0,17.3,157.1,1.5,39.3,297.4,1528.6,205.5,468.2,3696.4,37.5,1216.4,719.8,7310.7,80.6,975.9,5.2,484.7,1392.3,881.7,192.2,267.2
Females,Respiratory diseases,154.1,8.3,131.7,123.3,0.5,354.1,12.1,150.3,44.7,31.6,1.1,2.7,1063.2,1.3,27.3,77.6,1.2,50.0,7.3,51.4,14.0,10.6,1001.8,1.8,40.9,69.5,54.2,74.2,103.3,208.8,1.8,28.6,69.4,88.2,9503.3,229.1,3.3,22.7,20.6,136.2,18.1,72.9,5.6,47.0,338.8,429.1,49.2,3.6,38.0,51.3,464.5,23.7,5.7,19.7,4.0,351.0,5.6,23.8,280.0,7.9,7.8,20.5,571.8,99.4,89.7,0.5,49.3,63.5,6.9,3.4,69.8,37.3,69.7,2.0,13337.8,1565.5,236.6,101.7,31.2,32.6,322.6,9.6,795.9,23.9,77.1,114.5,0.9,9.1,19.7,50.1,5.8,28.9,17.5,13.6,21.5,8.5,3.3,146.8,52.3,117.7,2.0,96.9,2.0,14.9,10.2,454.6,0.7,7.1,1.8,105.6,97.0,429.4,13.4,311.3,119.5,30.6,18.9,82.9,823.7,33.6,5.8,893.4,17.8,57.7,21.7,137.4,682.7,173.8,67.8,2.0,181.2,11.9,89.2,430.2,51.7,0.8,0.4,0.9,1.2,68.3,48.4,54.0,0.4,42.9,10.5,16.6,6.7,3.3,56.3,354.9,48.6,291.0,158.6,203.4,2.1,8.0,72.7,42.3,63.8,28.0,398.3,9.5,5.7,36.1,0.6,6.0,46.9,350.8,12.2,163.8,148.7,10.9,536.6,224.3,2990.5,25.6,83.2,1.5,112.1,409.7,135.7,55.1,76.4
Females,Digestive diseases,133.8,6.4,100.3,146.3,0.3,154.9,13.9,56.2,29.7,42.6,1.2,1.8,558.3,1.0,54.7,46.7,1.2,85.0,4.9,84.0,14.4,5.5,842.2,0.8,36.3,134.5,77.2,167.1,216.4,115.5,1.6,34.6,133.8,76.6,4517.1,199.1,4.6,31.5,21.1,274.1,20.1,44.1,2.4,55.7,82.1,497.1,21.3,6.7,40.0,79.0,820.1,30.0,10.2,27.7,7.3,527.2,1.6,20.8,196.6,11.6,11.4,16.3,364.3,172.5,29.7,0.3,94.4,93.4,9.7,4.6,71.3,56.2,67.6,0.7,7501.3,1811.1,156.9,58.1,12.2,14.7,217.1,6.7,442.2,21.5,127.0,108.0,0.8,6.3,35.7,32.5,13.7,15.6,9.6,20.2,17.2,24.6,1.8,89.2,51.1,66.1,0.3,110.7,1.0,22.1,2.9,713.7,0.4,21.9,1.7,80.7,105.6,406.5,8.1,118.8,45.2,10.0,27.1,130.3,1522.9,12.1,3.8,1243.9,11.7,30.4,24.4,176.5,238.2,194.4,38.1,1.8,122.6,60.1,160.7,1034.9,52.7,0.8,0.4,0.3,1.5,56.2,63.9,38.6,0.4,82.9,7.8,35.0,10.0,1.2,98.9,187.3,61.5,159.1,45.3,151.1,2.6,5.2,27.6,22.9,40.6,32.7,251.4,5.6,3.5,55.5,0.4,5.4,36.6,196.8,41.9,238.4,296.1,7.2,318.7,276.2,1546.2,12.9,164.4,0.6,81.7,201.7,96.9,84.0,68.4
Females,Genitourinary diseases,177.9,10.7,199.6,71.9,0.4,203.0,15.3,60.2,33.9,42.8,1.9,4.5,586.7,1.9,39.2,43.3,1.9,58.5,5.8,79.8,15.7,8.0,830.8,1.8,35.2,74.0,30.3,60.2,136.7,97.2,2.2,17.9,85.0,68.7,6372.3,182.5,2.6,15.5,17.5,159.5,19.6,38.1,3.4,40.9,118.5,208.1,15.1,3.8,46.3,58.9,422.1,52.0,4.0,14.6,7.3,287.7,5.0,12.0,186.9,6.9,8.4,21.5,347.8,103.3,50.2,0.4,79.8,56.0,7.8,4.2,65.3,48.7,37.0,0.8,6454.0,1168.6,324.8,165.2,11.9,29.9,220.6,14.9,591.4,46.0,76.7,92.5,0.7,12.6,24.0,32.2,10.9,29.5,9.7,17.7,35.7,13.4,1.6,55.8,37.0,111.7,1.6,86.3,1.4,20.8,5.2,642.7,0.8,12.4,2.3,196.7,78.3,321.7,8.1,130.3,51.7,10.1,44.3,84.4,849.8,12.7,10.9,568.9,14.6,36.9,39.5,171.9,504.3,118.0,41.6,4.5,172.7,18.8,96.9,640.8,28.6,0.8,0.5,1.0,1.4,141.9,61.2,42.9,0.8,46.5,23.6,21.4,7.4,2.7,38.9,281.8,35.8,181.8,106.8,241.6,3.8,5.6,24.1,26.2,77.6,30.7,520.9,8.7,2.6,33.0,0.6,6.4,70.9,440.9,32.5,103.9,173.6,19.5,187.8,152.5,1513.9,15.6,150.4,1.2,94.7,333.9,149.0,41.9,63.1
Females,Skin diseases,46.9,3.7,58.6,69.9,0.2,85.6,4.1,39.6,13.0,12.0,0.9,1.5,274.6,0.6,12.7,19.5,0.7,24.4,1.2,18.6,4.6,4.4,423.5,0.7,9.5,49.3,27.5,32.3,50.6,66.5,1.0,9.7,30.2,30.4,1947.4,83.6,2.1,11.0,7.5,50.9,5.5,19.0,1.6,15.1,40.1,186.6,9.2,2.5,17.2,27.8,128.5,9.9,2.9,11.6,2.0,232.2,1.9,8.6,110.3,4.2,4.4,5.3,130.0,57.8,15.6,0.3,26.7,24.8,3.6,1.3,19.6,11.8,14.5,0.6,1966.7,481.5,106.4,56.6,7.3,15.2,92.9,6.0,203.3,11.8,22.8,101.7,0.3,4.6,7.9,14.6,3.4,9.6,4.2,8.5,9.2,4.4,0.9,48.6,37.8,65.3,0.8,34.3,0.8,8.7,2.6,210.2,0.2,4.0,0.8,48.6,75.9,125.6,5.3,52.0,27.6,7.9,9.5,39.2,429.0,8.5,4.7,396.4,6.5,15.8,12.5,55.6,224.8,52.5,15.8,1.8,77.5,5.8,26.1,213.2,25.8,0.4,0.3,0.4,0.4,48.0,30.4,12.0,0.2,14.3,7.5,8.6,2.7,1.2,27.6,104.6,28.3,74.5,34.8,59.1,1.2,2.9,17.2,13.3,24.6,10.8,161.4,2.6,2.1,15.1,0.2,2.7,17.7,112.5,7.2,96.8,60.0,7.5,121.2,133.2,619.0,6.7,38.3,0.5,44.2,169.5,41.9,42.9,32.7
Females,Musculoskeletal diseases,169.6,25.5,343.6,91.4,0.8,460.0,25.8,294.8,98.9,64.1,3.5,9.2,1362.5,3.3,95.8,132.0,2.2,48.2,5.5,65.6,36.2,10.9,1867.1,3.3,76.0,73.7,37.8,102.0,104.6,458.1,2.7,21.9,57.0,219.8,12335.6,404.8,3.0,19.9,38.9,101.3,47.9,106.0,10.3,109.8,229.7,286.0,86.4,3.9,67.0,113.9,727.2,42.8,4.2,16.2,14.6,354.5,7.2,67.3,727.5,8.4,7.6,33.8,1075.7,123.6,132.6,0.9,91.2,54.4,8.1,4.6,67.1,51.2,116.5,3.6,10048.7,1749.3,775.0,206.5,48.0,76.2,754.6,23.9,1582.2,57.8,115.1,158.7,0.7,28.3,35.0,39.4,23.6,46.4,10.1,18.7,53.0,33.0,6.3,86.8,56.7,206.3,2.3,65.4,5.0,19.0,11.7,893.3,0.7,16.5,5.6,310.6,100.1,409.9,11.1,231.6,219.0,55.7,41.5,74.2,793.3,53.8,21.4,1169.0,26.0,45.6,48.7,199.6,663.5,391.8,137.4,9.5,543.3,37.3,202.5,1395.7,40.3,1.5,0.9,1.3,0.8,208.4,62.6,94.1,0.7,28.7,37.1,55.7,22.8,3.5,35.2,305.7,42.5,522.6,155.2,273.6,4.1,5.7,121.3,106.4,121.9,36.6,766.7,17.7,5.3,32.3,0.7,13.3,114.6,846.8,29.5,120.4,498.7,36.9,827.1,177.5,4125.7,40.3,175.2,1.7,212.1,688.2,160.1,54.1,57.6
Females,Congenital anomalies,327.2,8.9,234.9,311.9,0.4,142.1,8.9,33.5,15.0,40.6,0.6,4.0,652.6,0.8,18.8,16.9,1.4,130.5,3.3,71.4,6.5,13.2,706.5,1.5,12.0,172.7,84.9,66.6,285.8,50.4,3.3,41.6,210.7,51.6,2766.8,165.7,6.0,38.1,14.2,286.9,7.6,16.7,1.3,13.6,75.1,767.1,9.4,5.4,55.1,84.3,696.3,27.3,10.5,29.2,2.1,735.9,4.0,9.9,94.6,12.3,24.4,10.6,127.4,231.1,14.7,0.2,79.9,122.0,20.6,3.4,88.3,55.3,16.7,0.6,6103.2,814.0,259.7,298.3,10.5,17.3,75.4,8.7,140.8,65.4,51.6,298.7,0.5,13.9,30.3,41.9,4.2,20.0,16.0,39.9,31.1,6.8,0.9,161.6,131.6,80.6,1.2,201.7,0.9,38.2,3.3,556.3,0.6,13.8,0.7,157.4,213.1,271.0,13.6,110.2,28.8,8.1,32.7,230.3,2213.8,7.4,13.2,1261.2,19.5,44.7,36.3,137.1,443.8,68.8,10.5,4.9,46.2,12.1,36.1,342.1,72.8,0.3,0.3,1.0,1.7,143.6,131.6,16.0,0.4,84.1,4.5,10.5,3.1,2.7,169.8,257.0,106.4,52.6,67.9,330.3,1.9,11.9,14.8,14.5,81.6,54.9,167.3,3.6,8.7,73.8,0.4,4.6,48.0,371.9,39.5,327.4,102.3,15.9,105.8,459.7,693.7,9.8,137.0,1.6,120.3,393.1,225.1,125.1,125.1
Females,Oral conditions,27.1,5.6,51.3,19.4,0.2,71.4,7.2,54.2,25.0,17.4,0.8,1.2,145.8,0.7,22.1,31.9,0.5,9.8,0.7,15.4,10.1,2.7,425.0,0.4,19.4,14.2,8.2,13.2,20.2,73.9,0.6,4.6,12.1,36.5,1495.0,91.4,0.7,4.0,9.7,21.3,11.7,28.5,2.1,26.1,27.9,63.7,15.4,0.8,16.8,25.5,106.3,11.4,0.7,3.9,3.4,72.6,0.7,14.6,142.5,1.6,2.1,9.7,226.4,23.7,30.1,0.2,24.0,11.2,1.7,1.2,14.5,11.0,23.5,0.8,1691.8,342.4,88.9,35.4,11.0,16.2,123.2,5.1,305.0,7.8,34.9,42.1,0.1,4.2,8.5,4.2,5.2,8.2,2.3,4.0,7.8,7.8,1.5,15.9,12.5,34.4,0.3,13.9,1.1,4.1,2.2,222.9,0.1,4.3,1.3,55.8,21.6,48.8,3.5,24.0,52.2,10.4,9.4,14.9,97.0,12.7,3.2,174.9,7.0,5.0,8.9,50.7,109.0,94.4,29.7,1.3,88.2,8.3,49.4,358.5,9.7,0.4,0.2,0.1,0.2,28.2,15.0,20.6,0.1,5.7,6.4,9.8,6.4,0.4,7.6,70.9,9.5,99.9,27.2,38.8,0.9,1.2,21.8,23.7,19.9,10.0,99.5,4.2,0.9,6.6,0.1,2.9,17.2,153.0,7.9,26.1,116.2,4.6,168.7,30.0,573.8,7.0,44.7,0.2,54.2,88.5,24.1,11.8,14.5
Females,Sudden infant death syndrome,18.5,0.6,12.4,17.6,0.0,9.6,0.1,2.4,0.3,2.7,0.0,0.1,60.9,0.0,0.7,0.8,0.1,6.4,0.2,1.0,0.0,0.4,8.3,0.0,0.2,8.7,6.9,2.5,11.9,2.5,0.2,2.7,7.5,1.7,34.2,2.2,0.5,1.9,0.1,8.4,0.2,0.2,0.0,0.4,1.1,70.4,0.1,0.3,0.5,0.9,24.0,1.2,0.6,1.9,0.1,44.8,0.0,0.3,4.6,0.4,0.8,0.2,4.0,2.2,0.2,0.0,5.0,4.6,0.7,0.0,2.1,0.7,0.5,0.0,240.1,34.0,2.2,7.6,0.5,0.8,0.7,0.1,5.8,0.7,3.8,13.9,0.1,0.5,0.8,1.6,0.3,0.5,1.0,1.9,0.5,0.2,0.0,7.4,5.0,1.1,0.0,7.4,0.0,1.6,0.0,14.4,0.0,0.4,0.0,7.8,17.4,19.3,0.9,10.7,0.3,0.6,1.1,8.6,72.9,0.2,0.5,163.6,0.2,1.9,1.2,0.8,20.9,1.0,0.1,0.1,3.3,0.3,0.4,31.1,3.9,0.0,0.0,0.0,0.0,9.0,4.8,0.2,0.0,4.4,0.1,0.6,0.0,0.1,13.3,20.8,4.2,1.3,2.0,15.2,0.2,0.7,0.8,0.3,2.2,3.7,5.5,0.3,0.9,2.1,0.0,0.1,1.9,6.1,2.0,19.3,2.5,0.7,3.7,25.5,56.9,0.3,3.6,0.0,0.7,11.9,24.4,6.4,1.7
Females,Unintentional injuries,460.5,23.7,305.2,424.6,0.6,278.2,23.2,136.2,64.6,70.8,1.8,4.1,1255.7,1.7,118.3,98.2,2.0,214.0,9.6,117.8,29.6,20.9,1180.3,2.6,67.3,378.8,243.1,172.0,446.9,252.6,3.3,89.9,334.1,90.2,11465.7,243.5,13.5,75.8,21.6,524.0,45.5,75.3,6.2,125.5,215.4,1605.1,35.1,15.3,76.7,128.4,527.6,34.8,19.8,70.0,13.2,1563.2,7.0,44.6,498.1,22.9,35.2,30.9,592.0,413.3,72.6,0.7,122.3,227.7,27.1,6.0,165.2,55.4,111.8,1.8,16413.6,1937.1,574.8,314.8,25.4,37.2,444.6,11.3,896.4,76.0,189.9,502.1,1.0,18.0,47.7,85.6,23.3,34.4,32.5,68.0,43.3,36.5,3.8,349.3,196.6,170.2,1.2,327.8,2.4,58.7,5.8,576.7,0.7,25.7,4.9,228.7,427.6,726.4,25.6,288.8,109.9,28.0,30.1,456.0,3470.2,34.3,19.0,2589.5,14.9,68.8,51.7,217.2,601.5,384.1,65.5,5.2,304.7,37.7,193.4,1857.1,162.3,1.0,0.5,1.0,1.9,211.6,212.6,68.5,0.5,143.9,18.9,55.7,28.4,4.7,338.3,478.4,216.0,282.3,142.8,548.7,4.0,20.9,61.5,55.0,103.5,85.4,536.1,14.6,13.7,134.9,0.6,7.4,74.2,412.0,56.2,678.8,455.8,22.4,386.9,977.5,2653.1,25.1,213.1,1.7,212.9,656.4,373.9,253.5,252.6
Females,Intentional injuries,730.8,6.1,49.8,65.6,0.1,72.9,2.5,46.8,15.8,8.6,0.9,0.9,472.3,0.4,25.0,31.8,1.0,27.3,2.1,44.6,6.4,5.0,518.5,0.5,8.5,64.6,39.5,28.2,84.8,73.0,1.2,42.3,53.3,26.6,3141.3,163.3,1.9,14.9,6.9,130.1,8.0,21.0,1.0,15.3,84.6,259.4,9.2,2.3,25.0,35.6,111.1,32.9,2.8,12.4,2.5,270.9,1.1,11.9,126.5,3.7,3.7,4.3,132.7,84.3,7.9,0.1,53.5,35.9,8.2,5.2,64.4,92.4,19.9,0.5,6632.3,368.1,171.5,958.2,6.4,11.0,60.5,14.5,293.5,11.7,53.2,60.9,0.4,3.5,10.9,21.2,4.7,25.2,23.7,15.9,65.2,8.1,0.9,49.4,15.8,38.3,0.6,57.0,0.4,11.0,1.3,262.9,0.3,5.4,0.8,42.6,46.1,225.8,6.9,92.4,32.5,9.8,19.4,59.5,861.1,10.0,3.7,567.8,6.6,21.8,20.8,65.6,233.5,45.1,14.6,1.6,174.6,8.1,20.2,538.7,53.4,0.4,0.2,0.2,0.3,64.9,30.6,16.9,0.2,32.6,8.4,5.7,3.1,1.0,144.4,274.4,53.9,50.9,55.2,172.3,2.3,6.8,21.2,17.3,1371.6,7.8,124.8,2.3,3.4,24.6,0.2,6.0,10.8,122.8,9.8,191.7,97.9,3.4,84.7,128.3,858.8,8.9,61.0,0.3,77.3,114.6,191.6,47.9,62.4