,Both Sexes,Both Sexes,Both Sexes,Both Sexes,Both Sexes,Both Sexes,Both Sexes,Both Sexes,Both Sexes,Both Sexes,Both Sexes,Both Sexes,Both Sexes,Both Sexes,Both Sexes,Both Sexes,Both Sexes,Both Sexes,Both Sexes,Both Sexes,Both Sexes,Both Sexes,Both Sexes,Males,Males,Males,Males,Males,Males,Males,Males,Males,Males,Males,Males,Males,Males,Males,Males,Males,Males,Males,Males,Males,Males,Females,Females,Females,Females,Females,Females,Females,Females,Females,Females,Females,Females,Females,Females,Females,Females,Females,Females,Females,Females,Females,Females,Females
Country,Infectious and parasitic diseases,Respiratory Infectious ,Maternal conditions,Neonatal conditions,Nutritional deficiencies,Malignant neoplasms,Other neoplasms,Diabetes mellitus,"Endocrine, blood, immune disorders",Mental and substance use disorders,Neurological conditions,Sense organ diseases,Cardiovascular diseases,Respiratory diseases,Digestive diseases,Genitourinary diseases,Skin diseases,Musculoskeletal diseases,Congenital anomalies,Oral conditions,Sudden infant death syndrome,Unintentional injuries,Intentional injuries,Infectious and parasitic diseases,Respiratory Infectious ,Neonatal conditions,Nutritional deficiencies,Malignant neoplasms,Other neoplasms,Diabetes mellitus,"Endocrine, blood, immune disorders",Mental and substance use disorders,Neurological conditions,Sense organ diseases,Cardiovascular diseases,Respiratory diseases,Digestive diseases,Genitourinary diseases,Skin diseases,Musculoskeletal diseases,Congenital anomalies,Oral conditions,Sudden infant death syndrome,Unintentional injuries,Intentional injuries,Infectious and parasitic diseases,Respiratory Infectious ,Maternal conditions,Neonatal conditions,Nutritional deficiencies,Malignant neoplasms,Other neoplasms,Diabetes mellitus,"Endocrine, blood, immune disorders",Mental and substance use disorders,Neurological conditions,Sense organ diseases,Cardiovascular diseases,Respiratory diseases,Digestive diseases,Genitourinary diseases,Skin diseases,Musculoskeletal diseases,Congenital anomalies,Oral conditions,Sudden infant death syndrome,Unintentional injuries,Intentional injuries
Afghanistan,2336.7,1424.9,225.3,3675.8,233.5,898.1,48.6,338.0,180.2,759.7,338.7,373.2,1570.7,315.0,267.7,308.2,89.8,298.2,666.4,55.2,38.2,1329.8,2372.6,1186.1,684.2,2032.6,86.7,485.0,26.6,122.7,72.1,401.4,146.8,188.1,839.9,160.8,133.9,130.3,42.9,128.6,339.2,28.1,19.8,869.3,1641.8,1150.6,740.6,225.3,1643.2,146.8,413.1,21.9,215.2,108.1,358.3,191.9,185.1,730.8,154.1,133.8,177.9,46.9,169.6,327.2,27.1,18.5,460.5,730.8
Albania,10.0,14.4,0.6,19.8,6.6,137.9,8.2,10.1,7.9,55.2,48.8,47.4,284.6,21.7,18.9,20.9,6.9,45.6,18.3,10.5,1.2,71.1,17.3,5.5,7.9,11.5,2.2,77.2,4.7,5.4,3.7,27.0,21.4,22.9,165.5,13.4,12.5,10.2,3.2,20.1,9.4,4.9,0.7,47.4,11.2,4.5,6.5,0.6,8.3,4.3,60.7,3.5,4.7,4.2,28.1,27.5,24.4,119.1,8.3,6.4,10.7,3.7,25.5,8.9,5.6,0.6,23.7,6.1
Algeria,460.0,461.5,62.0,1169.5,181.1,871.8,22.7,407.8,118.4,927.8,581.4,593.2,1576.5,279.3,219.7,348.1,111.4,611.1,483.8,102.5,24.4,1023.3,195.5,248.1,210.3,613.6,67.7,426.6,11.8,197.3,53.5,459.7,253.9,286.6,819.5,147.6,119.4,148.6,52.8,267.5,248.9,51.3,12.0,718.1,145.7,211.9,251.3,62.0,555.9,113.5,445.2,10.9,210.5,64.9,468.0,327.5,306.7,757.0,131.7,100.3,199.6,58.6,343.6,234.9,51.3,12.4,305.2,49.8
Angola,5256.8,1866.6,214.4,2959.0,746.3,310.3,19.9,107.6,157.9,480.7,232.0,280.9,671.4,215.1,395.4,145.4,125.4,170.8,709.8,37.5,51.5,1277.6,287.8,2853.5,906.5,1685.6,415.9,135.5,9.2,61.4,77.1,253.6,96.7,141.7,330.3,91.9,249.1,73.6,55.6,79.4,397.9,18.2,33.9,853.0,222.1,2403.3,960.1,214.4,1273.4,330.4,174.8,10.7,46.3,80.8,227.1,135.3,139.2,341.1,123.3,146.3,71.9,69.9,91.4,311.9,19.4,17.6,424.6,65.6
Antigua and Barbuda,1.2,0.8,0.2,0.6,0.6,3.4,0.1,1.7,0.7,2.2,1.1,1.0,5.0,1.0,0.7,0.8,0.4,1.4,0.7,0.3,0.0,2.3,0.1,0.6,0.5,0.3,0.3,1.7,0.0,0.9,0.3,1.1,0.5,0.5,2.6,0.5,0.4,0.4,0.2,0.6,0.3,0.1,0.0,1.7,0.1,0.5,0.3,0.2,0.3,0.3,1.8,0.1,0.8,0.4,1.1,0.6,0.6,2.4,0.5,0.3,0.4,0.2,0.8,0.4,0.2,0.0,0.6,0.1
Argentina,444.1,613.6,29.1,372.0,88.9,1658.8,80.0,350.6,101.1,1112.5,483.6,520.3,1832.1,733.7,451.1,401.8,150.6,845.2,299.6,129.0,21.5,910.2,391.4,248.9,323.6,203.4,29.3,857.9,44.4,184.7,47.0,522.8,197.7,239.5,1042.1,379.6,296.2,198.8,65.0,385.2,157.5,57.5,11.8,632.0,318.5,195.2,290.1,29.1,168.6,59.6,800.9,35.6,166.0,54.0,589.7,285.9,280.8,789.9,354.1,154.9,203.0,85.6,460.0,142.1,71.4,9.6,278.2,72.9
Armenia,18.3,14.0,0.6,26.1,8.2,208.1,2.2,36.5,4.9,60.4,40.9,52.3,227.7,26.8,36.4,28.6,7.2,42.3,19.7,12.2,0.3,70.9,12.9,12.1,7.8,13.6,3.8,118.8,0.3,15.8,2.5,29.5,14.8,22.1,125.3,14.6,22.5,13.3,3.1,16.5,10.8,4.9,0.1,47.7,10.4,6.2,6.2,0.6,12.5,4.3,89.2,1.9,20.7,2.4,30.9,26.1,30.2,102.4,12.1,13.9,15.3,4.1,25.8,8.9,7.2,0.1,23.2,2.5
Australia,59.4,81.3,2.4,75.3,14.5,998.8,27.2,156.6,60.1,802.4,458.1,257.3,749.5,312.4,138.3,105.5,70.7,527.9,69.8,97.4,5.5,342.0,168.4,31.8,40.0,39.0,5.3,557.7,15.1,87.0,30.1,404.0,187.9,135.2,421.5,162.0,82.2,45.4,31.2,233.1,36.3,43.2,3.1,205.8,121.7,27.5,41.3,2.4,36.2,9.1,441.0,12.0,69.7,30.1,398.4,270.3,122.1,328.0,150.3,56.2,60.2,39.6,294.8,33.5,54.2,2.4,136.2,46.8
Austria,21.5,27.7,0.4,23.5,7.3,451.9,12.6,76.8,37.8,236.7,160.2,116.3,508.0,98.6,80.5,61.9,22.5,164.8,31.5,46.4,0.7,157.8,56.8,11.8,13.9,12.3,2.2,247.9,6.5,41.0,20.6,116.1,63.1,53.1,264.7,53.9,50.8,28.0,9.5,65.9,16.5,21.4,0.4,93.2,41.0,9.7,13.8,0.4,11.2,5.1,203.9,6.1,35.8,17.2,120.6,97.1,63.2,243.3,44.7,29.7,33.9,13.0,98.9,15.0,25.0,0.3,64.6,15.8
Azerbaijan,117.8,93.6,3.1,242.0,44.7,346.2,1.2,70.9,31.9,209.2,114.4,127.8,726.8,67.1,107.7,75.3,22.4,113.7,88.1,31.7,3.5,213.6,40.0,74.7,48.3,133.5,13.7,199.3,0.6,33.2,16.1,116.4,48.2,60.5,416.6,35.4,65.1,32.5,10.4,49.6,47.5,14.3,0.8,142.8,31.4,43.1,45.3,3.1,108.5,31.0,146.9,0.6,37.8,15.8,92.8,66.3,67.3,310.1,31.6,42.6,42.8,12.0,64.1,40.6,17.4,2.7,70.8,8.6
Bahamas,14.8,3.0,0.3,3.2,1.5,14.5,0.2,5.3,1.5,8.8,4.5,4.7,16.9,2.4,3.0,3.6,1.5,6.1,1.3,1.4,0.1,6.4,6.7,10.3,1.7,1.7,0.5,7.5,0.1,2.6,0.7,4.4,1.8,2.1,9.4,1.3,1.8,1.7,0.6,2.6,0.7,0.6,0.0,4.5,5.8,4.5,1.3,0.3,1.5,1.0,7.0,0.1,2.7,0.8,4.4,2.6,2.6,7.4,1.1,1.2,1.9,0.9,3.5,0.6,0.8,0.0,1.8,0.9
Bahrain,7.5,3.9,0.3,8.3,6.5,15.4,0.3,22.3,5.9,37.1,15.2,13.0,24.0,6.8,4.8,9.0,3.6,21.1,8.8,3.4,0.1,18.3,6.1,5.4,2.3,4.3,1.8,8.1,0.2,13.4,3.2,23.9,8.2,8.0,15.6,4.1,3.1,4.6,2.1,11.9,4.7,2.1,0.1,14.1,5.2,2.1,1.5,0.3,4.0,4.6,7.2,0.1,8.9,2.6,13.3,6.9,5.0,8.4,2.7,1.8,4.5,1.5,9.2,4.0,1.2,0.1,4.1,0.9
Bangladesh,5486.9,2211.2,321.7,5069.7,1056.5,3404.3,70.0,1070.0,401.8,3489.2,1727.7,2192.8,6885.8,2315.1,1521.6,1094.5,508.6,2239.0,1463.4,295.3,127.6,3660.7,897.7,3215.3,1179.9,2789.4,380.6,1696.5,31.2,495.0,163.7,1723.1,794.9,1109.7,3761.1,1251.9,963.3,507.8,234.0,876.4,810.8,149.5,66.8,2405.0,425.5,2271.6,1031.3,321.7,2280.3,675.9,1707.8,38.8,575.0,238.0,1766.1,932.8,1083.1,3124.7,1063.2,558.3,586.7,274.6,1362.5,652.6,145.8,60.9,1255.7,472.3
Barbados,4.3,4.9,0.1,2.7,1.2,16.5,0.6,7.5,1.9,6.2,4.9,4.3,18.1,2.9,2.8,3.8,1.0,5.5,1.7,1.3,0.1,4.7,1.5,2.8,2.6,1.4,0.4,8.7,0.2,3.5,1.1,3.0,2.2,1.9,9.6,1.6,1.7,1.9,0.5,2.2,0.9,0.5,0.0,3.0,1.1,1.6,2.2,0.1,1.3,0.9,7.8,0.4,4.0,0.8,3.3,2.7,2.4,8.5,1.3,1.0,1.9,0.6,3.3,0.8,0.7,0.0,1.7,0.4
Belarus,104.0,42.6,1.0,29.7,11.9,499.0,2.2,40.8,14.6,342.3,158.3,151.9,1420.0,75.0,144.6,64.1,22.5,158.6,39.4,36.8,1.5,376.0,136.0,65.7,29.6,15.1,3.7,295.3,0.4,18.0,5.2,187.0,52.8,58.9,770.9,47.7,89.9,24.9,9.8,62.8,20.6,14.7,0.8,257.7,111.1,38.2,13.0,1.0,14.6,8.2,203.7,1.8,22.8,9.4,155.3,105.5,93.0,649.1,27.3,54.7,39.2,12.7,95.8,18.8,22.1,0.7,118.3,25.0
Belgium,44.5,89.4,1.2,30.4,14.3,616.8,25.9,66.5,38.7,306.2,274.7,154.3,523.9,175.6,114.2,80.6,33.6,224.6,35.9,58.5,2.0,224.4,101.3,23.0,45.1,16.5,4.6,349.1,14.4,34.8,18.6,146.2,110.7,71.5,277.0,98.0,67.5,37.2,14.1,92.6,19.0,26.7,1.2,126.2,69.5,21.5,44.3,1.2,13.9,9.6,267.7,11.5,31.7,20.1,160.0,164.0,82.9,247.0,77.6,46.7,43.3,19.5,132.0,16.9,31.9,0.8,98.2,31.8
Belize,12.0,3.6,0.2,7.1,2.2,9.1,0.3,5.6,1.0,7.6,3.6,3.4,12.3,3.0,3.3,3.7,1.3,4.0,3.1,0.9,0.1,8.3,7.1,6.6,2.1,3.9,0.8,5.0,0.2,2.7,0.4,3.9,1.6,1.7,7.2,1.8,2.0,1.8,0.6,1.8,1.7,0.4,0.0,6.4,6.1,5.3,1.5,0.2,3.2,1.4,4.1,0.1,2.9,0.6,3.7,2.1,1.8,5.1,1.2,1.2,1.9,0.7,2.2,1.4,0.5,0.1,2.0,1.0
Benin,1875.8,760.0,88.8,1136.1,395.6,154.9,8.7,58.8,193.1,213.9,115.5,119.3,412.7,104.3,206.9,126.7,43.5,87.5,241.4,19.0,17.5,580.0,103.0,983.4,378.2,626.6,185.5,66.6,4.9,26.3,70.1,113.9,54.5,56.3,206.4,54.3,121.9,68.2,19.0,39.3,110.9,9.2,11.1,366.1,75.8,892.4,381.8,88.8,509.5,210.0,88.3,3.9,32.5,123.0,100.0,61.0,63.0,206.3,50.0,85.0,58.5,24.4,48.2,130.5,9.8,6.4,214.0,27.3
Bhutan,32.1,12.4,1.4,21.6,10.4,15.0,0.3,8.3,2.8,18.3,10.1,8.9,41.6,15.0,13.8,10.4,2.5,10.1,7.4,1.6,0.5,26.3,6.1,17.5,6.3,11.7,3.7,8.1,0.1,3.9,1.2,10.6,4.7,4.9,22.6,7.7,8.9,4.5,1.2,4.6,4.0,0.9,0.3,16.7,4.0,14.5,6.1,1.4,9.9,6.7,6.9,0.2,4.4,1.7,7.7,5.3,4.0,19.0,7.3,4.9,5.8,1.2,5.5,3.3,0.7,0.2,9.6,2.1
Bolivia (Plurinational State of),286.7,265.2,29.1,385.9,113.9,234.8,8.1,110.7,26.3,245.8,124.8,149.5,455.8,107.2,200.5,145.9,35.6,119.1,149.5,29.9,2.1,414.0,174.3,166.1,146.5,220.2,55.2,99.2,4.3,52.1,12.5,129.7,56.5,71.9,252.2,55.7,116.5,66.1,17.0,53.6,78.1,14.5,1.1,296.2,129.7,120.6,118.7,29.1,165.7,58.8,135.5,3.7,58.6,13.7,116.2,68.3,77.6,203.6,51.4,84.0,79.8,18.6,65.6,71.4,15.4,1.0,117.8,44.6
Bosnia and Herzegovina,10.8,10.9,0.4,16.7,10.8,179.6,3.3,70.1,7.4,85.2,67.5,79.1,385.4,36.3,38.9,29.5,8.7,65.1,12.7,17.6,0.1,91.0,26.3,6.4,5.9,9.2,4.7,106.0,1.2,33.6,3.0,45.3,27.5,36.0,200.9,22.3,24.6,13.8,4.0,28.9,6.3,7.5,0.0,61.4,20.0,4.3,5.1,0.4,7.5,6.1,73.6,2.0,36.5,4.3,39.8,40.0,43.1,184.5,14.0,14.4,15.7,4.6,36.2,6.5,10.1,0.0,29.6,6.4
Botswana,307.7,45.3,5.1,107.2,15.9,40.7,2.3,33.4,7.1,52.2,26.0,24.5,70.1,24.4,13.6,14.5,8.2,21.2,27.1,4.9,0.7,59.1,27.5,160.8,24.9,59.9,7.9,20.8,1.1,15.1,3.6,28.4,12.4,11.9,33.3,13.8,8.1,6.5,3.8,10.3,13.9,2.2,0.3,38.3,22.6,147.0,20.4,5.1,47.3,8.0,20.0,1.2,18.3,3.4,23.8,13.6,12.5,36.8,10.6,5.5,8.0,4.4,10.9,13.2,2.7,0.4,20.9,5.0
Brazil,2949.4,2382.1,96.7,2103.6,1072.4,6636.6,138.7,2139.0,671.5,6046.8,2822.3,3041.5,9214.1,2200.9,2521.9,1510.9,797.0,3289.1,1445.0,744.6,18.5,5092.9,4598.0,1721.5,1319.4,1138.6,437.2,3484.3,69.9,1034.3,341.8,3056.6,1225.7,1399.9,5314.3,1199.2,1679.8,680.1,373.4,1422.1,738.5,319.6,10.2,3912.7,4079.5,1227.9,1062.7,96.7,965.0,635.1,3152.4,68.8,1104.7,329.7,2990.2,1596.6,1641.6,3899.8,1001.8,842.2,830.8,423.5,1867.1,706.5,425.0,8.3,1180.3,518.5
Brunei Darussalam,1.9,2.0,0.1,2.8,0.8,12.6,0.1,6.6,1.0,8.3,4.6,3.0,13.8,3.8,1.9,3.4,1.2,5.8,2.9,1.0,0.1,8.1,1.6,1.1,1.1,1.6,0.2,6.5,0.1,3.7,0.5,4.2,1.9,1.6,8.2,2.1,1.1,1.6,0.5,2.5,1.4,0.5,0.1,5.5,1.1,0.8,0.9,0.1,1.2,0.6,6.0,0.0,2.9,0.5,4.1,2.7,1.4,5.6,1.8,0.8,1.8,0.7,3.3,1.5,0.4,0.0,2.6,0.5
Bulgaria,28.2,45.7,0.7,30.5,14.6,487.7,5.0,67.5,16.3,149.8,97.0,135.9,1250.6,110.7,120.9,71.4,17.2,129.9,25.5,33.6,0.3,193.6,37.2,16.4,27.5,16.3,6.0,289.6,2.5,33.3,7.1,72.9,41.8,60.5,685.7,69.8,84.6,36.2,7.7,53.9,13.5,14.2,0.2,126.3,28.7,11.8,18.1,0.7,14.2,8.6,198.1,2.5,34.1,9.2,76.9,55.2,75.4,564.9,40.9,36.3,35.2,9.5,76.0,12.0,19.4,0.2,67.3,8.5
Burkina Faso,3748.3,1035.2,157.4,1603.3,647.8,300.8,17.4,85.8,374.4,332.1,154.6,172.7,622.7,133.1,295.2,142.3,87.9,131.2,335.6,27.1,24.9,962.9,205.0,1859.1,531.9,913.0,309.1,121.8,10.4,44.6,124.6,170.5,70.8,79.2,295.4,63.6,160.7,68.4,38.5,57.5,162.9,12.8,16.3,584.1,140.4,1889.2,503.3,157.4,690.3,338.7,179.0,7.1,41.2,249.7,161.6,83.8,93.5,327.3,69.5,134.5,74.0,49.3,73.7,172.7,14.2,8.7,378.8,64.6
Burundi,1810.2,688.7,189.4,930.0,400.3,248.3,9.6,56.0,56.9,223.6,101.0,112.3,358.6,106.6,189.4,64.8,51.1,73.3,199.4,15.3,18.1,686.2,138.1,949.1,357.4,536.2,206.8,107.4,4.5,34.2,32.3,116.7,51.6,56.0,187.9,52.4,112.3,34.5,23.6,35.5,114.5,7.1,11.2,443.0,98.7,861.1,331.3,189.4,393.8,193.6,140.9,5.2,21.9,24.6,107.0,49.5,56.3,170.7,54.2,77.2,30.3,27.5,37.8,84.9,8.2,6.9,243.1,39.5
Cambodia,627.2,359.2,32.4,477.5,147.5,446.6,6.6,102.8,44.6,289.3,160.6,233.2,611.1,160.8,385.7,102.3,61.2,171.7,130.2,22.6,4.9,504.5,100.6,366.1,191.4,261.6,58.7,230.9,3.1,43.8,20.1,152.2,64.7,105.9,286.0,86.6,218.6,42.1,28.9,69.8,63.6,9.4,2.4,332.6,72.4,261.0,167.7,32.4,215.9,88.8,215.7,3.5,59.1,24.4,137.1,95.9,127.3,325.0,74.2,167.1,60.2,32.3,102.0,66.6,13.2,2.5,172.0,28.2
Cameroon,5114.4,1527.5,298.1,1766.1,502.4,520.5,19.6,168.6,322.5,483.7,259.5,204.7,905.5,229.2,525.4,306.0,93.5,186.5,563.6,39.5,36.3,1389.9,346.8,2579.3,844.8,1012.2,223.2,245.4,10.5,77.7,126.7,267.0,126.8,97.4,480.9,125.9,309.0,169.2,42.9,81.9,277.8,19.3,24.4,943.0,261.9,2535.1,682.7,298.1,753.9,279.2,275.2,9.1,90.9,195.8,216.7,132.6,107.3,424.6,103.3,216.4,136.7,50.6,104.6,285.8,20.2,11.9,446.9,84.8
Canada,125.5,142.0,2.1,139.3,25.1,1711.6,33.4,312.1,97.4,1063.6,729.0,394.7,1237.9,429.9,258.2,187.6,114.3,783.7,106.8,143.1,5.8,603.1,249.4,65.9,70.9,72.5,8.5,900.5,17.6,178.2,47.7,544.3,295.5,200.5,706.1,221.1,142.7,90.4,47.8,325.6,56.4,69.2,3.4,350.4,176.5,59.5,71.1,2.1,66.8,16.6,811.1,15.8,133.8,49.7,519.4,433.5,194.2,531.8,208.8,115.5,97.2,66.5,458.1,50.4,73.9,2.5,252.6,73.0
Cape Verde,11.7,8.7,0.5,9.4,5.5,10.3,0.2,3.7,1.1,11.9,5.9,5.6,22.0,3.6,4.0,4.3,1.8,4.8,6.0,1.1,0.4,10.6,5.3,6.0,4.9,5.1,2.1,4.7,0.1,1.4,0.5,6.5,2.6,2.5,10.6,1.8,2.4,2.1,0.9,2.1,2.7,0.5,0.2,7.3,4.1,5.7,3.8,0.5,4.4,3.5,5.6,0.1,2.3,0.6,5.4,3.3,3.1,11.4,1.8,1.6,2.2,1.0,2.7,3.3,0.6,0.2,3.3,1.2
Central African Republic,1602.9,392.3,76.1,575.8,174.0,91.6,4.3,28.9,31.9,104.1,43.1,72.1,197.6,52.1,84.8,35.0,17.3,41.4,97.1,8.8,7.0,261.8,171.0,802.4,196.3,316.5,91.9,41.5,2.2,16.9,15.9,54.2,16.5,35.4,97.0,23.5,50.2,17.0,7.5,19.5,55.5,4.3,4.3,171.9,128.7,800.5,196.0,76.1,259.3,82.1,50.2,2.2,12.0,16.0,49.9,26.6,36.7,100.6,28.6,34.6,17.9,9.7,21.9,41.6,4.6,2.7,89.9,42.3
Chad,3906.9,2082.3,398.9,1871.9,604.3,218.8,11.0,77.2,182.8,274.1,145.4,152.4,611.1,151.7,357.6,189.3,55.2,103.8,390.5,23.3,21.4,994.0,176.2,2050.7,1092.2,1057.5,293.8,96.4,5.5,33.5,73.4,149.0,73.3,71.3,318.1,82.2,223.8,104.3,25.0,46.8,179.8,11.2,13.9,659.9,122.9,1856.2,990.1,398.9,814.4,310.5,122.4,5.6,43.7,109.4,125.1,72.1,81.1,292.9,69.4,133.8,85.0,30.2,57.0,210.7,12.1,7.5,334.1,53.3
Chile,105.3,91.2,4.2,94.3,31.6,662.8,29.7,148.9,37.3,498.3,248.7,241.6,631.2,178.6,233.6,132.1,53.3,404.6,105.0,67.3,3.9,301.0,144.4,65.6,50.0,51.4,10.6,342.3,15.2,75.1,17.2,235.8,105.3,113.6,359.5,90.4,157.0,63.4,22.9,184.8,53.4,30.8,2.2,210.8,117.8,39.7,41.2,4.2,42.9,21.0,320.5,14.5,73.9,20.1,262.5,143.4,128.0,271.7,88.2,76.6,68.7,30.4,219.8,51.6,36.5,1.7,90.2,26.6
China,8821.6,6191.0,298.2,7566.1,1995.0,61112.8,1205.5,9289.4,2937.7,31095.0,18106.8,19904.7,97208.2,20826.4,9776.5,10505.4,3794.0,19790.7,5290.9,2890.1,70.9,31343.7,6350.3,4772.6,3323.8,3875.4,767.7,40749.8,657.1,4519.3,1211.1,16082.5,7150.6,9975.7,50167.9,11323.1,5259.5,4133.1,1846.6,7455.1,2524.1,1395.1,36.7,19878.0,3209.0,4048.9,2867.2,298.2,3690.8,1227.3,20363.0,548.4,4770.1,1726.5,15012.5,10956.2,9929.0,47040.3,9503.3,4517.1,6372.3,1947.4,12335.6,2766.8,1495.0,34.2,11465.7,3141.3
Colombia,585.4,400.5,44.5,497.2,136.6,1688.3,140.7,412.3,105.3,916.8,607.6,713.1,1947.8,488.5,435.3,353.5,157.5,670.4,361.0,158.9,4.9,1112.3,1481.6,367.4,221.8,275.2,71.0,825.1,77.1,204.0,50.2,490.3,270.2,327.6,1117.6,259.4,236.2,171.0,73.8,265.5,195.3,67.5,2.7,868.8,1318.3,218.0,178.7,44.5,222.0,65.6,863.1,63.6,208.3,55.0,426.6,337.4,385.5,830.2,229.1,199.1,182.5,83.6,404.8,165.7,91.4,2.2,243.5,163.3
Comoros,69.7,44.3,5.2,71.9,18.5,18.2,0.8,5.3,3.2,14.9,7.7,9.0,29.6,6.7,11.4,5.3,4.1,5.8,12.8,1.2,1.1,33.8,6.9,37.8,23.3,40.6,9.6,7.7,0.4,3.1,1.7,7.8,3.8,4.5,16.4,3.4,6.8,2.7,1.9,2.9,6.8,0.6,0.6,20.3,5.0,31.9,21.0,5.2,31.3,8.9,10.5,0.4,2.2,1.6,7.1,3.9,4.5,13.2,3.3,4.6,2.6,2.1,3.0,6.0,0.7,0.5,13.5,1.9
Congo,803.9,179.0,46.8,304.9,128.0,62.1,2.7,28.5,19.9,90.9,44.1,51.8,150.0,38.0,76.1,28.1,20.2,37.0,87.9,7.9,4.8,207.8,60.2,434.3,90.8,171.0,64.0,30.2,1.6,14.6,9.1,47.4,18.5,26.6,67.1,15.4,44.6,12.5,9.1,17.0,49.8,3.9,2.9,131.9,45.4,369.6,88.2,46.8,133.9,64.0,31.9,1.1,13.9,10.9,43.5,25.7,25.2,83.0,22.7,31.5,15.5,11.0,19.9,38.1,4.0,1.9,75.8,14.9
Costa Rica,33.8,23.7,1.5,27.4,7.4,150.0,8.7,40.3,9.6,98.9,66.1,69.6,157.8,42.4,53.3,34.7,14.1,66.3,30.3,17.3,0.3,88.5,50.1,20.4,13.9,14.7,2.8,78.4,4.9,20.3,4.5,51.8,29.8,33.8,93.7,21.8,32.2,17.2,6.6,27.4,16.1,7.6,0.1,66.9,43.2,13.4,9.8,1.5,12.7,4.6,71.6,3.8,20.0,5.1,47.1,36.3,35.8,64.1,20.6,21.1,17.5,7.5,38.9,14.2,9.7,0.1,21.6,6.9
C™te d'Ivoire,4967.0,1956.9,420.6,2688.8,707.9,368.8,15.0,218.6,323.0,458.5,265.8,243.7,1462.1,303.4,697.1,365.3,93.9,187.5,582.8,43.6,26.3,1527.9,372.4,2596.1,1096.2,1559.3,327.2,178.3,7.8,94.6,126.0,264.5,134.7,125.0,793.6,167.2,423.1,205.8,43.0,86.2,295.9,22.3,17.9,1003.9,242.3,2371.0,860.8,420.6,1129.5,380.7,190.6,7.3,124.0,196.9,194.0,131.0,118.7,668.4,136.2,274.1,159.5,50.9,101.3,286.9,21.3,8.4,524.0,130.1
Croatia,14.4,13.4,0.3,13.7,4.2,316.0,5.5,49.5,8.0,100.4,71.6,79.8,397.6,44.4,57.7,33.8,9.9,80.5,15.6,21.4,0.5,114.1,31.3,7.7,7.8,7.0,2.2,188.4,2.5,24.4,3.2,52.2,29.1,33.7,206.8,26.3,37.6,14.3,4.4,32.6,8.0,9.7,0.3,68.6,23.4,6.7,5.6,0.3,6.7,2.0,127.5,3.0,25.1,4.8,48.1,42.5,46.1,190.8,18.1,20.1,19.6,5.5,47.9,7.6,11.7,0.2,45.5,8.0
Cuba,77.9,121.0,3.2,46.2,41.5,587.3,17.6,112.6,21.1,296.3,199.2,198.5,694.4,146.7,120.2,71.2,35.9,192.3,35.4,52.2,0.5,207.2,93.3,48.3,64.6,23.7,11.8,332.3,8.5,57.0,10.0,153.7,86.8,93.0,394.4,73.7,76.1,33.0,16.9,86.3,18.7,23.7,0.3,131.9,72.3,29.6,56.4,3.2,22.5,29.6,255.0,9.1,55.6,11.0,142.6,112.3,105.6,300.0,72.9,44.1,38.1,19.0,106.0,16.7,28.5,0.2,75.3,21.0
Cyprus,3.6,3.0,0.1,3.2,0.9,43.5,1.6,12.5,3.8,22.1,16.2,10.4,50.3,12.8,6.3,6.6,2.7,17.0,2.5,3.8,0.1,16.4,4.0,2.0,1.5,1.8,0.3,26.0,0.8,6.8,1.5,10.1,6.7,4.9,30.1,7.2,3.9,3.2,1.1,6.7,1.2,1.7,0.1,10.2,3.0,1.6,1.5,0.1,1.5,0.5,17.5,0.8,5.7,2.3,12.1,9.5,5.5,20.3,5.6,2.4,3.4,1.6,10.3,1.3,2.1,0.0,6.2,1.0
Czechia,48.3,69.9,0.7,28.7,21.1,635.4,11.5,126.2,30.0,233.6,174.7,170.2,854.6,118.5,141.5,73.7,27.8,193.2,27.6,47.3,1.0,323.0,67.6,25.7,40.6,15.3,8.6,360.6,6.2,66.2,12.9,119.3,76.3,77.4,467.5,71.5,85.8,32.8,12.6,83.4,14.0,21.2,0.7,197.5,52.3,22.7,29.3,0.7,13.5,12.5,274.8,5.2,59.9,17.0,114.3,98.4,92.8,387.1,47.0,55.7,40.9,15.1,109.8,13.6,26.1,0.4,125.5,15.3
Democratic People's Republic of Korea,538.4,212.9,18.0,310.4,144.2,1240.5,11.3,168.5,57.1,539.5,271.1,394.9,2065.2,709.1,214.0,205.2,74.1,354.9,152.2,49.7,2.2,687.8,214.8,313.2,117.8,174.7,44.5,672.8,5.0,81.4,26.5,272.3,104.9,172.2,1199.0,370.2,131.9,86.7,34.0,125.2,77.2,21.8,1.1,472.4,130.2,225.3,95.1,18.0,135.7,99.7,567.6,6.3,87.0,30.6,267.2,166.2,222.7,866.3,338.8,82.1,118.5,40.1,229.7,75.1,27.9,1.1,215.4,84.6
Democratic Republic of the Congo,17802.8,5647.6,977.2,8273.1,3363.1,1435.2,59.1,370.3,552.1,1522.3,666.9,973.3,2237.9,720.6,1214.9,417.9,328.2,547.1,1781.2,124.4,185.4,4632.5,1061.9,9341.6,2843.6,4683.3,1906.5,663.8,28.6,227.8,282.2,804.0,265.9,493.1,1075.8,291.5,717.9,209.9,141.5,261.1,1014.1,60.7,115.0,3027.5,802.5,8461.1,2804.0,977.2,3589.8,1456.6,771.5,30.5,142.4,270.0,718.3,401.0,480.3,1162.1,429.1,497.1,208.1,186.6,286.0,767.1,63.7,70.4,1605.1,259.4
Denmark,18.6,34.2,0.4,21.8,5.5,346.3,6.2,46.2,18.9,162.9,124.0,53.2,228.7,97.4,53.8,30.2,16.3,149.7,19.3,29.1,0.2,80.7,29.9,9.4,17.9,11.5,2.1,183.4,3.2,27.7,9.2,87.9,51.0,24.8,130.9,48.3,32.5,15.1,7.1,63.2,9.9,13.7,0.1,45.5,20.7,9.2,16.4,0.4,10.2,3.4,162.9,3.0,18.5,9.7,74.9,73.0,28.4,97.9,49.2,21.3,15.1,9.2,86.4,9.4,15.4,0.1,35.1,9.2
Djibouti,103.6,37.0,3.8,58.0,24.8,20.9,1.5,7.6,4.0,18.6,10.7,10.5,41.1,7.9,17.1,8.1,4.7,7.6,12.1,1.5,0.8,41.8,7.8,52.8,19.9,32.4,13.6,9.0,0.7,4.6,2.1,9.7,5.4,5.3,22.9,4.3,10.4,4.3,2.2,3.6,6.7,0.7,0.5,26.5,5.5,50.7,17.1,3.8,25.6,11.2,11.9,0.8,3.0,2.0,8.9,5.3,5.2,18.2,3.6,6.7,3.8,2.5,3.9,5.4,0.8,0.3,15.3,2.3
Dominican Republic,251.6,125.5,9.5,358.5,41.5,276.3,8.9,100.0,24.8,223.1,119.7,125.5,569.0,76.3,103.0,94.2,32.4,124.2,121.8,30.8,0.9,323.7,163.9,137.6,72.5,193.8,13.5,140.5,4.9,52.3,11.6,113.8,52.8,59.4,323.0,38.2,63.0,47.8,15.2,57.2,66.7,14.0,0.4,246.9,138.9,113.9,53.0,9.5,164.6,28.0,135.8,3.9,47.7,13.2,109.3,66.9,66.0,246.0,38.0,40.0,46.3,17.2,67.0,55.1,16.8,0.5,76.7,25.0
Ecuador,204.7,191.4,14.9,286.4,38.7,401.1,28.1,204.2,35.3,362.9,176.8,212.6,459.6,114.9,182.7,111.7,52.7,200.4,186.9,49.2,2.4,502.2,156.9,126.8,103.9,163.0,18.1,187.4,14.4,99.0,16.1,191.3,78.5,102.6,261.2,63.6,103.8,52.8,24.9,86.5,102.7,23.7,1.5,373.9,121.3,77.9,87.5,14.9,123.4,20.6,213.7,13.7,105.2,19.2,171.6,98.3,110.0,198.4,51.3,79.0,58.9,27.8,113.9,84.3,25.5,0.9,128.4,35.6
Egypt,1167.6,1253.5,64.3,2558.8,429.8,2488.1,122.8,1091.0,341.3,1992.2,1160.8,1514.6,6349.3,1058.3,2201.5,862.4,245.0,1293.0,1505.0,208.4,53.1,1886.1,528.8,648.5,737.2,1450.7,183.8,1374.6,64.9,564.1,203.3,994.8,506.4,704.7,3398.5,593.8,1381.3,440.3,116.5,565.8,808.7,102.1,29.1,1358.5,417.7,519.0,516.4,64.3,1108.2,246.0,1113.5,57.9,526.9,138.0,997.5,654.4,809.9,2950.9,464.5,820.1,422.1,128.5,727.2,696.3,106.3,24.0,527.6,111.1
El Salvador,85.2,74.8,3.5,67.4,16.8,177.3,0.5,86.4,7.3,170.6,88.1,95.5,223.8,44.2,87.3,140.0,18.4,69.1,55.8,18.8,2.9,153.4,232.2,53.8,44.6,37.6,9.2,71.8,0.3,36.9,3.4,107.0,36.4,41.8,122.8,20.5,57.3,88.0,8.5,26.3,28.6,7.3,1.6,118.6,199.3,31.4,30.2,3.5,29.8,7.6,105.5,0.2,49.5,3.9,63.6,51.7,53.7,101.0,23.7,30.0,52.0,9.9,42.8,27.3,11.4,1.2,34.8,32.9
Equatorial Guinea,254.8,78.0,8.3,106.4,24.1,18.9,0.9,11.7,8.2,20.5,13.1,8.3,45.0,10.4,30.7,9.4,5.9,8.1,24.5,1.6,1.9,67.9,13.9,141.0,43.6,59.8,13.7,9.1,0.4,7.6,3.7,11.9,6.2,4.5,25.1,4.7,20.5,5.4,3.0,3.9,14.0,0.8,1.2,48.1,11.1,113.7,34.4,8.3,46.6,10.4,9.8,0.5,4.1,4.5,8.5,6.9,3.8,19.8,5.7,10.2,4.0,2.9,4.2,10.5,0.7,0.6,19.8,2.8
Eritrea,416.9,213.2,40.4,237.6,118.9,110.9,3.7,32.3,17.3,102.5,45.4,55.7,183.2,44.2,76.5,29.4,22.3,31.0,61.2,7.3,4.6,207.2,49.1,223.3,119.2,134.6,63.9,43.5,1.8,19.0,9.6,53.8,22.0,27.6,100.0,24.5,48.8,14.8,10.7,14.8,32.0,3.4,2.7,137.2,36.7,193.6,94.0,40.4,103.0,55.0,67.5,1.8,13.3,7.8,48.7,23.4,28.1,83.2,19.7,27.7,14.6,11.6,16.2,29.2,3.9,1.9,70.0,12.4
Estonia,7.8,7.7,0.2,3.3,1.5,85.8,1.5,9.7,2.6,47.5,21.4,21.3,134.5,10.1,19.8,12.0,3.6,24.4,4.2,5.7,0.1,35.6,12.5,4.4,5.0,1.7,0.5,48.2,0.7,4.5,0.8,27.1,8.8,8.0,67.6,6.1,12.5,4.8,1.5,9.8,2.0,2.3,0.1,22.5,10.1,3.3,2.6,0.2,1.6,0.9,37.5,0.9,5.2,1.8,20.4,12.5,13.3,66.9,4.0,7.3,7.3,2.0,14.6,2.1,3.4,0.1,13.2,2.5
Ethiopia,11042.7,4303.8,847.2,7186.5,1823.9,2012.5,104.4,528.7,340.4,2089.7,895.2,1176.7,3009.9,721.1,1483.3,622.5,450.0,679.9,1497.6,136.8,101.3,4448.7,1004.8,5938.2,2397.5,4128.3,979.5,750.1,52.6,310.4,180.3,1152.9,460.2,577.6,1649.0,370.2,956.1,334.7,217.7,325.4,761.6,64.2,56.4,2885.5,733.9,5104.5,1906.3,847.2,3058.3,844.4,1262.4,51.8,218.3,160.1,936.8,435.0,599.1,1360.9,351.0,527.2,287.7,232.2,354.5,735.9,72.6,44.8,1563.2,270.9
Fiji,15.4,11.1,0.4,12.7,5.6,20.7,1.8,53.5,4.8,15.7,8.8,11.1,63.8,13.9,5.1,11.8,4.0,12.5,9.3,1.4,0.1,20.5,4.2,9.0,6.4,6.7,2.4,9.1,1.0,28.5,3.0,8.1,4.7,5.5,42.4,8.3,3.5,6.7,2.1,5.3,5.3,0.7,0.1,13.5,3.1,6.4,4.7,0.4,5.9,3.2,11.7,0.8,25.0,1.8,7.6,4.1,5.6,21.5,5.6,1.6,5.0,1.9,7.2,4.0,0.7,0.0,7.0,1.1
Finland,9.6,12.6,0.2,12.4,3.8,260.1,6.0,38.0,12.2,183.5,185.7,64.9,330.4,55.5,65.2,22.8,15.4,112.5,19.9,26.1,0.7,111.8,43.9,4.9,6.5,6.5,1.4,141.0,2.7,21.0,4.9,100.3,72.9,29.8,190.1,31.8,44.4,10.8,6.8,45.2,10.0,11.6,0.4,67.2,32.1,4.6,6.1,0.2,5.9,2.4,119.1,3.3,17.0,7.3,83.3,112.8,35.1,140.3,23.8,20.8,12.0,8.6,67.3,9.9,14.6,0.3,44.6,11.9
France,203.2,305.4,7.0,208.0,76.4,3698.3,129.4,379.1,211.0,1836.6,1488.4,856.7,2432.6,613.3,537.3,345.2,189.6,1226.5,196.1,250.5,11.4,1149.2,431.6,107.4,153.3,110.8,28.8,2198.3,73.0,211.8,99.5,845.6,589.2,386.0,1315.9,333.3,340.7,158.4,79.3,499.0,101.5,108.0,6.8,651.1,305.1,95.8,152.2,7.0,97.2,47.6,1500.0,56.4,167.2,111.5,991.0,899.3,470.8,1116.7,280.0,196.6,186.9,110.3,727.5,94.6,142.5,4.6,498.1,126.5
Gabon,278.0,59.6,9.3,102.7,34.5,28.6,0.9,15.0,7.0,36.1,20.1,20.0,57.7,14.5,32.3,12.8,7.8,16.0,29.5,3.3,1.0,70.7,18.3,147.4,32.2,57.7,16.8,14.6,0.5,8.4,3.2,19.5,8.3,10.2,27.8,6.6,20.7,5.8,3.6,7.6,17.1,1.7,0.6,47.8,14.7,130.5,27.3,9.3,45.0,17.6,14.0,0.4,6.6,3.8,16.6,11.8,9.8,29.9,7.9,11.6,6.9,4.2,8.4,12.3,1.6,0.4,22.9,3.7
Gambia,266.5,101.0,32.9,188.9,63.8,23.4,1.3,7.8,17.7,37.3,18.5,17.2,68.1,15.8,28.0,17.6,7.9,13.9,45.3,4.0,2.3,95.1,18.6,138.6,54.0,108.0,30.9,14.2,0.6,3.5,7.4,18.0,8.8,8.4,36.6,8.0,16.6,9.2,3.5,6.3,20.9,2.0,1.5,59.9,14.8,127.9,47.0,32.9,81.0,32.9,9.2,0.7,4.3,10.3,19.3,9.7,8.8,31.5,7.8,11.4,8.4,4.4,7.6,24.4,2.1,0.8,35.2,3.7
Georgia,37.1,19.8,1.5,32.8,17.0,192.1,5.0,45.2,8.4,80.5,69.1,75.6,663.7,52.8,67.0,40.2,9.7,56.8,22.2,16.7,0.4,109.5,25.2,25.4,11.8,17.9,6.2,105.4,2.8,23.5,4.5,40.7,24.4,32.0,364.9,32.2,50.7,18.7,4.4,22.9,11.6,7.0,0.2,78.6,21.0,11.7,8.0,1.5,14.9,10.8,86.6,2.1,21.7,3.9,39.7,44.7,43.6,298.8,20.5,16.3,21.5,5.3,33.8,10.6,9.7,0.2,30.9,4.3
Germany,366.5,436.8,6.0,243.7,87.9,5006.8,135.4,776.5,292.3,2287.2,1873.7,1361.6,5518.3,1266.0,935.5,671.1,229.2,1829.1,265.1,413.5,9.7,1337.6,441.5,194.5,237.1,127.9,25.6,2812.3,71.0,410.0,146.2,1119.7,768.9,631.7,2954.8,694.2,571.2,323.3,99.2,753.4,137.7,187.1,5.8,745.6,308.8,172.0,199.8,6.0,115.8,62.3,2194.5,64.3,366.4,146.1,1167.5,1104.8,729.9,2563.5,571.8,364.3,347.8,130.0,1075.7,127.4,226.4,4.0,592.0,132.7
Ghana,3478.9,1085.1,164.3,1950.8,580.1,431.8,16.4,199.7,245.2,538.0,263.7,271.5,1153.5,201.0,445.6,248.9,101.4,220.3,480.7,45.8,11.7,1059.7,249.1,1743.9,635.8,1075.9,269.0,210.5,10.2,106.9,116.3,288.5,108.3,128.0,404.9,101.7,273.1,145.6,43.6,96.6,249.6,22.1,9.5,646.4,164.9,1735.0,449.3,164.3,874.9,311.0,221.3,6.2,92.8,128.9,249.5,155.3,143.5,748.6,99.4,172.5,103.3,57.8,123.6,231.1,23.7,2.2,413.3,84.3
Greece,62.2,111.4,0.6,29.2,9.6,645.7,6.6,63.6,28.1,285.2,197.9,160.9,750.6,192.7,76.6,92.2,27.0,217.3,30.8,54.4,0.5,198.7,31.3,27.5,53.9,15.3,3.0,395.9,3.5,33.6,12.7,132.6,80.8,74.7,416.1,103.0,47.0,42.0,11.4,84.8,16.1,24.2,0.2,126.0,23.4,34.7,57.5,0.6,13.8,6.7,249.7,3.1,30.0,15.4,152.6,117.1,86.3,334.5,89.7,29.7,50.2,15.6,132.6,14.7,30.1,0.2,72.6,7.9
Grenada,0.9,1.4,0.0,1.6,0.6,4.0,0.1,2.4,1.0,2.4,1.1,1.2,5.5,0.8,1.0,0.8,0.6,1.6,0.6,0.3,0.1,2.6,0.4,0.5,0.7,0.9,0.3,2.2,0.1,1.2,0.5,1.2,0.4,0.6,2.9,0.4,0.7,0.4,0.3,0.7,0.3,0.1,0.0,1.9,0.3,0.4,0.7,0.0,0.7,0.3,1.8,0.1,1.2,0.4,1.2,0.6,0.7,2.6,0.5,0.3,0.4,0.3,0.9,0.2,0.2,0.0,0.7,0.1
Guatemala,370.7,315.5,23.1,463.2,123.4,242.0,17.4,249.4,37.4,386.3,166.2,195.0,332.7,99.0,241.6,153.0,49.3,151.7,169.1,40.9,10.3,504.6,294.7,205.4,167.9,261.6,63.3,102.1,8.6,106.3,17.7,224.5,70.9,90.6,168.6,49.7,147.2,73.2,22.6,60.5,89.1,16.9,5.3,382.2,241.1,165.3,147.6,23.1,201.7,60.1,139.9,8.8,143.1,19.6,161.8,95.2,104.4,164.0,49.3,94.4,79.8,26.7,91.2,79.9,24.0,5.0,122.3,53.5
Guinea,2663.9,896.1,168.9,968.6,313.3,159.5,8.6,76.1,163.0,240.6,114.9,145.9,525.5,129.4,222.7,115.3,45.2,100.1,229.7,22.0,13.6,602.5,113.5,1344.4,474.1,552.0,137.9,71.9,4.8,30.0,50.3,127.3,53.0,70.5,251.0,65.9,129.3,59.4,20.5,45.8,107.7,10.8,9.0,374.9,77.6,1319.5,422.0,168.9,416.6,175.4,87.6,3.9,46.1,112.7,113.3,61.9,75.4,274.6,63.5,93.4,56.0,24.8,54.4,122.0,11.2,4.6,227.7,35.9
Guinea-Bissau,371.9,119.0,15.5,204.8,39.5,25.7,1.6,10.1,13.0,34.6,14.5,21.3,61.0,14.8,23.1,16.3,6.4,14.8,39.4,3.4,2.1,75.4,15.2,195.7,63.0,119.6,17.8,11.7,0.9,4.1,5.8,17.5,6.5,10.1,29.3,7.9,13.4,8.5,2.8,6.7,18.8,1.6,1.4,48.3,7.0,176.2,56.0,15.5,85.3,21.7,14.0,0.7,6.0,7.2,17.1,8.0,11.1,31.6,6.9,9.7,7.8,3.6,8.1,20.6,1.7,0.7,27.1,8.2
Guyana,34.9,10.9,1.6,27.1,8.7,17.6,1.2,20.2,5.1,20.1,8.7,8.4,61.2,8.1,14.3,7.9,2.3,8.7,7.0,2.2,0.1,27.8,20.9,21.1,6.1,15.4,3.7,6.9,0.6,9.3,2.3,10.5,4.1,4.0,33.6,4.7,9.7,3.7,1.1,4.1,3.6,1.0,0.0,21.8,15.7,13.8,4.8,1.6,11.6,5.0,10.7,0.6,10.9,2.8,9.6,4.6,4.4,27.7,3.4,4.6,4.2,1.3,4.6,3.4,1.2,0.0,6.0,5.2
Haiti,838.4,477.8,64.0,596.5,199.5,204.0,3.8,152.9,77.3,233.5,122.7,144.6,780.2,152.9,179.3,124.8,37.3,119.1,174.8,26.4,5.5,555.5,276.1,442.5,265.8,332.3,91.5,91.6,1.1,58.3,35.5,121.2,57.6,65.0,385.7,83.1,108.0,59.5,17.6,52.0,86.6,11.8,3.4,390.4,211.7,396.0,212.1,64.0,264.2,108.1,112.4,2.7,94.6,41.8,112.3,65.2,79.6,394.6,69.8,71.3,65.3,19.6,67.1,88.3,14.5,2.1,165.2,64.4
Honduras,159.7,63.1,16.9,159.8,33.7,163.9,1.4,52.5,15.3,157.6,96.2,103.0,253.6,63.9,95.0,82.2,22.4,85.6,90.5,19.9,1.6,155.0,314.4,89.4,36.1,86.9,15.9,69.9,0.8,21.6,6.8,85.8,38.7,49.1,168.1,26.6,38.8,33.6,10.6,34.4,35.2,8.8,0.8,99.6,221.9,70.3,27.0,16.9,72.9,17.9,94.0,0.7,30.9,8.5,71.9,57.5,53.8,85.5,37.3,56.2,48.7,11.8,51.2,55.3,11.0,0.7,55.4,92.4
Hungary,31.5,31.7,1.0,37.5,21.2,804.5,14.3,102.7,29.5,229.6,170.7,175.7,1129.5,163.2,184.5,65.8,25.9,194.1,34.5,39.7,1.1,277.6,76.7,16.1,17.7,19.4,8.2,455.6,7.3,52.0,12.9,113.7,70.1,73.1,600.3,93.5,116.8,28.8,11.4,77.6,17.8,16.1,0.6,165.9,56.7,15.4,14.1,1.0,18.1,13.0,348.9,7.0,50.7,16.5,115.9,100.5,102.7,529.2,69.7,67.6,37.0,14.5,116.5,16.7,23.5,0.5,111.8,19.9
Iceland,0.5,1.2,0.0,0.8,0.2,14.1,0.1,1.4,0.8,8.4,7.1,3.4,11.7,3.8,1.4,1.3,1.0,6.2,1.1,1.4,0.1,4.8,2.6,0.3,0.6,0.4,0.1,7.0,0.1,0.8,0.3,4.1,2.9,1.6,6.8,1.8,0.7,0.5,0.4,2.6,0.5,0.7,0.0,2.9,2.1,0.2,0.7,0.0,0.3,0.1,7.0,0.1,0.5,0.5,4.3,4.3,1.7,4.8,2.0,0.7,0.8,0.6,3.6,0.6,0.8,0.0,1.8,0.5
India,61055.7,25522.9,2704.0,54847.7,22621.6,27909.3,552.2,11500.8,3428.7,27945.1,15424.6,20521.3,72208.9,29698.3,19944.1,13384.3,3756.5,17728.2,11314.1,3392.2,525.1,47175.4,15844.8,32526.6,11815.8,28483.9,8164.6,14015.8,288.8,6067.3,1642.4,15332.4,6857.4,9817.9,44053.8,16360.5,12442.8,6930.3,1789.8,7679.5,5210.9,1700.3,285.0,30761.8,9212.5,28529.1,13707.1,2704.0,26363.8,14456.9,13893.5,263.5,5433.4,1786.3,12612.6,8567.2,10703.3,28155.1,13337.8,7501.3,6454.0,1966.7,10048.7,6103.2,1691.8,240.1,16413.6,6632.3
Indonesia,12493.3,3029.1,586.5,5297.8,1651.0,6729.5,100.2,4033.0,585.8,4401.5,2953.5,3546.7,17962.1,3852.3,4465.7,2347.1,947.5,3085.8,1808.9,638.6,73.2,5696.5,1288.7,7445.1,1603.1,2955.4,520.3,3453.6,52.1,1864.8,224.4,2244.0,1277.3,1748.2,10114.3,2286.9,2654.6,1178.4,465.9,1336.5,995.0,296.2,39.2,3759.4,920.6,5048.2,1426.0,586.5,2342.5,1130.7,3276.0,48.1,2168.3,361.4,2157.4,1676.2,1798.5,7847.8,1565.5,1811.1,1168.6,481.5,1749.3,814.0,342.4,34.0,1937.1,368.1
Iran (Islamic Republic of),703.2,495.6,20.9,1062.9,188.0,1781.6,30.0,791.6,167.0,2563.4,1151.8,874.1,3411.0,533.7,329.8,575.4,202.4,1297.0,533.4,180.3,4.6,1977.1,583.5,455.3,255.3,552.1,83.5,955.6,14.8,384.7,69.7,1349.6,505.4,438.0,1911.4,297.1,172.9,250.6,96.0,522.0,273.7,91.4,2.4,1402.3,412.0,247.9,240.2,20.9,510.7,104.5,825.9,15.2,406.9,97.3,1213.9,646.4,436.1,1499.6,236.6,156.9,324.8,106.4,775.0,259.7,88.9,2.2,574.8,171.5
Iraq,550.9,634.8,43.1,1774.6,281.7,749.2,59.1,392.5,112.3,866.8,372.2,431.7,1345.5,210.7,120.2,277.0,108.8,348.4,632.6,68.9,21.1,880.8,3012.3,335.6,409.1,824.2,117.7,370.0,35.0,178.7,59.7,472.7,155.8,205.2,705.9,109.0,62.2,111.7,52.2,141.9,334.2,33.5,13.4,566.0,2054.1,215.3,225.7,43.1,950.4,164.0,379.2,24.1,213.8,52.6,394.1,216.4,226.4,639.6,101.7,58.1,165.2,56.6,206.5,298.3,35.4,7.6,314.8,958.2
Ireland,8.4,21.4,0.4,13.3,3.7,204.0,4.6,23.7,11.8,130.2,90.1,48.4,162.9,64.4,29.3,21.8,12.8,81.3,22.2,20.2,1.1,64.7,29.6,4.5,10.5,7.2,1.4,105.3,2.7,13.3,4.9,65.5,35.7,23.3,95.2,33.2,17.1,9.9,5.5,33.4,11.7,9.2,0.6,39.3,23.2,3.9,11.0,0.4,6.1,2.3,98.7,1.9,10.4,7.0,64.7,54.3,25.1,67.7,31.2,12.2,11.9,7.3,48.0,10.5,11.0,0.5,25.4,6.4
Israel,30.7,48.0,1.0,32.6,11.9,272.3,6.0,71.1,27.2,167.9,121.3,92.4,193.9,69.9,36.2,58.5,27.9,129.9,36.9,29.4,1.7,95.5,41.1,16.4,25.9,17.3,4.2,144.2,3.2,37.6,13.0,81.1,51.3,43.6,108.8,37.3,21.5,28.6,12.7,53.7,19.7,13.2,0.9,58.3,30.0,14.3,22.1,1.0,15.2,7.7,128.1,2.9,33.5,14.2,86.9,70.0,48.7,85.1,32.6,14.7,29.9,15.2,76.2,17.3,16.2,0.8,37.2,11.0
Italy,268.9,247.3,2.5,151.1,79.3,3500.1,147.0,579.1,223.5,1462.1,1400.2,1023.0,3352.1,712.7,521.3,404.9,159.3,1278.4,159.0,221.5,1.7,1019.1,211.6,150.7,124.4,78.8,27.5,1969.8,80.8,291.0,96.1,653.6,532.9,454.4,1727.5,390.1,304.1,184.3,66.4,523.8,83.6,98.3,0.9,574.6,151.1,118.2,122.9,2.5,72.3,51.8,1530.3,66.2,288.1,127.4,808.6,867.3,568.7,1624.6,322.6,217.1,220.6,92.9,754.6,75.4,123.2,0.7,444.6,60.5
Jamaica,61.9,15.4,2.8,49.8,15.9,95.3,4.3,66.9,8.9,59.3,36.1,37.2,112.6,23.8,16.5,29.3,11.3,41.4,17.7,9.3,0.4,35.8,66.7,42.4,8.1,27.3,6.0,51.3,2.1,28.9,4.2,29.2,15.5,17.5,56.2,14.1,9.8,14.4,5.3,17.4,9.0,4.2,0.3,24.5,52.2,19.6,7.3,2.8,22.5,9.9,44.0,2.2,38.0,4.6,30.1,20.6,19.7,56.4,9.6,6.7,14.9,6.0,23.9,8.7,5.1,0.1,11.3,14.5
Japan,380.1,1751.0,5.2,162.4,192.1,7330.4,219.0,1004.4,275.5,2575.4,2159.0,2210.2,5997.1,1989.7,1059.4,1138.7,354.3,2832.9,284.5,606.1,13.5,2098.1,980.3,202.0,993.7,82.1,40.8,4389.6,120.5,525.3,119.3,1232.4,821.5,1032.2,3180.2,1193.8,617.2,547.3,151.0,1250.7,143.7,301.0,7.7,1201.6,686.8,178.1,757.3,5.2,80.3,151.3,2940.8,98.5,479.2,156.2,1343.0,1337.5,1178.0,2817.0,795.9,442.2,591.4,203.3,1582.2,140.8,305.0,5.8,896.4,293.5
Jordan,55.4,68.3,8.4,201.2,35.6,147.5,6.0,96.1,26.2,176.9,101.8,73.5,335.5,53.7,44.5,80.0,22.2,102.1,128.3,16.0,1.3,233.1,35.6,29.7,35.3,109.3,13.0,77.6,3.2,51.0,11.2,92.6,44.7,37.4,194.4,29.8,22.9,33.9,10.5,44.3,63.0,8.1,0.6,157.2,23.9,25.7,33.1,8.4,91.8,22.5,69.9,2.8,45.0,15.1,84.3,57.2,36.1,141.1,23.9,21.5,46.0,11.8,57.8,65.4,7.8,0.7,76.0,11.7
Kazakhstan,137.0,153.2,3.2,202.7,132.7,738.8,8.7,73.6,36.6,441.3,203.8,212.9,1668.0,195.1,347.6,132.2,41.5,198.1,118.2,59.7,8.0,623.2,288.5,83.9,97.5,114.3,46.9,389.4,3.8,32.2,18.5,252.6,78.6,94.2,937.3,118.0,220.6,55.5,18.6,83.0,66.6,24.8,4.3,433.4,235.3,53.1,55.7,3.2,88.5,85.9,349.5,4.9,41.4,18.1,188.8,125.3,118.7,730.8,77.1,127.0,76.7,22.8,115.1,51.6,34.9,3.8,189.9,53.2
Kenya,6925.3,1342.3,354.6,2824.4,651.3,953.1,23.6,131.8,133.9,833.1,340.9,469.3,628.4,220.7,304.0,173.3,189.4,321.8,697.2,81.2,32.2,1608.8,266.8,3919.6,708.5,1568.6,327.3,440.9,14.1,80.9,69.2,426.9,154.1,243.2,339.0,106.3,196.0,80.7,87.7,163.1,398.4,39.1,18.3,1106.7,205.9,3005.7,633.8,354.6,1255.8,324.0,512.2,9.5,50.9,64.7,406.1,186.7,226.1,289.4,114.5,108.0,92.5,101.7,158.7,298.7,42.1,13.9,502.1,60.9
Kiribati,5.2,3.6,0.2,6.4,1.9,2.7,0.0,3.5,0.5,2.0,1.1,1.4,6.4,2.3,1.8,1.1,0.5,1.2,2.1,0.1,0.1,2.3,1.8,2.7,1.9,3.3,0.8,1.3,0.0,1.7,0.3,1.1,0.5,0.6,3.9,1.4,1.0,0.4,0.3,0.5,1.5,0.1,0.0,1.4,1.4,2.5,1.7,0.2,3.0,1.1,1.4,0.0,1.8,0.2,0.9,0.7,0.7,2.5,0.9,0.8,0.7,0.3,0.7,0.5,0.1,0.1,1.0,0.4
Kuwait,24.8,30.6,0.6,25.7,12.8,51.6,2.1,27.7,5.5,103.3,38.2,33.2,151.5,21.7,14.4,21.5,9.6,57.7,29.4,10.1,0.9,85.0,13.3,16.2,17.1,14.0,4.6,26.8,1.1,16.1,2.5,57.9,18.5,19.0,113.4,12.5,8.1,8.9,5.0,29.4,15.5,5.9,0.4,67.1,9.8,8.6,13.5,0.6,11.6,8.1,24.7,1.0,11.6,3.0,45.3,19.7,14.2,38.1,9.1,6.3,12.6,4.6,28.3,13.9,4.2,0.5,18.0,3.5
Kyrgyzstan,72.1,78.5,6.4,147.1,44.3,127.1,4.3,21.3,10.6,137.6,64.5,68.3,419.0,45.8,106.4,43.9,14.8,59.9,62.5,15.4,1.7,154.8,49.2,44.9,43.9,82.9,16.5,66.4,2.1,10.1,5.3,81.7,31.0,32.2,245.5,26.1,70.7,19.9,6.9,24.9,32.2,6.8,0.9,107.1,38.3,27.2,34.6,6.4,64.2,27.8,60.7,2.1,11.2,5.3,55.9,33.5,36.1,173.5,19.7,35.7,24.0,7.9,35.0,30.3,8.5,0.8,47.7,10.9
Lao People's Democratic Republic,441.0,220.4,27.2,386.7,66.7,180.2,2.8,68.6,20.1,123.1,66.4,88.2,362.8,99.1,78.9,55.9,28.0,68.4,86.7,7.8,3.5,233.1,66.6,251.8,112.3,226.4,30.0,105.3,1.4,24.8,8.4,66.2,27.7,42.4,172.1,49.0,46.4,23.7,13.4,29.1,44.8,3.6,1.9,147.5,45.4,189.2,108.1,27.2,160.3,36.7,74.8,1.4,43.8,11.8,56.9,38.8,45.8,190.7,50.1,32.5,32.2,14.6,39.4,41.9,4.2,1.6,85.6,21.2
Latvia,15.2,13.7,0.3,6.2,2.3,137.9,2.5,19.1,3.9,58.7,31.1,37.9,286.5,14.8,33.6,18.5,5.9,38.1,8.4,8.4,0.6,67.7,23.7,9.3,8.8,2.9,0.9,76.8,1.0,8.3,1.3,30.3,12.0,14.7,146.5,9.0,19.9,7.6,2.5,14.6,4.1,3.2,0.3,44.4,19.0,5.9,5.0,0.3,3.3,1.5,61.1,1.5,10.8,2.6,28.3,19.1,23.2,140.0,5.8,13.7,10.9,3.4,23.6,4.2,5.2,0.3,23.3,4.7
Lebanon,34.2,21.9,1.9,39.3,16.9,167.5,8.2,67.5,12.1,152.7,114.5,78.9,371.6,55.8,36.8,47.4,18.3,79.5,36.8,16.9,0.9,106.2,79.3,18.2,10.6,19.6,6.4,85.5,4.9,42.7,5.3,73.0,49.8,39.2,212.7,26.8,21.2,17.9,8.7,33.1,16.8,8.6,0.4,71.8,54.1,16.0,11.3,1.9,19.7,10.5,82.0,3.3,24.8,6.8,79.7,64.7,39.8,158.9,28.9,15.6,29.5,9.6,46.4,20.0,8.2,0.5,34.4,25.2
Lesotho,775.5,115.5,24.8,200.4,34.7,47.8,1.9,38.6,12.8,52.9,25.4,24.1,97.8,36.7,19.5,17.1,7.6,18.5,35.9,4.1,2.1,88.3,73.7,387.4,57.5,114.8,16.5,23.6,1.2,15.1,5.9,27.2,11.6,11.0,39.3,19.2,9.9,7.4,3.4,8.4,20.0,1.8,1.1,55.7,50.1,388.1,58.0,24.8,85.6,18.2,24.2,0.8,23.4,6.8,25.7,13.8,13.1,58.5,17.5,9.6,9.7,4.2,10.1,16.0,2.3,1.0,32.5,23.7
Liberia,932.5,221.2,57.9,309.0,71.6,66.3,2.5,22.1,28.8,87.1,38.6,47.6,132.1,25.8,54.5,37.5,15.6,34.2,76.2,7.9,5.2,188.3,51.2,488.1,111.8,174.6,32.4,28.6,1.2,9.5,12.1,42.1,17.6,23.0,66.9,12.2,34.3,19.8,7.2,15.5,36.3,3.9,3.3,120.2,35.4,444.5,109.4,57.9,134.3,39.2,37.7,1.3,12.6,16.7,45.1,21.0,24.6,65.2,13.6,20.2,17.7,8.5,18.7,39.9,4.0,1.9,68.0,15.9
Libya,65.7,43.6,1.2,75.9,19.3,125.1,6.9,64.2,17.0,153.5,87.0,69.0,305.9,47.6,39.7,66.9,17.5,90.3,62.5,15.4,1.1,165.0,270.5,36.8,23.4,41.3,7.4,66.2,3.7,31.5,7.8,77.6,36.5,33.5,174.8,26.1,22.5,31.2,8.3,37.3,31.4,7.6,0.6,121.7,205.3,28.8,20.2,1.2,34.6,12.0,58.9,3.2,32.7,9.2,75.8,50.5,35.5,131.0,21.5,17.2,35.7,9.2,53.0,31.1,7.8,0.5,43.3,65.2
Lithuania,27.0,20.0,0.3,8.6,3.5,194.4,3.4,16.5,5.0,96.3,44.1,51.9,398.3,21.7,66.5,21.9,7.6,54.2,13.5,13.1,0.5,107.2,48.2,16.9,12.8,4.3,1.4,110.9,1.7,8.0,1.6,51.7,17.8,19.8,207.8,13.2,41.9,8.5,3.3,21.1,6.7,5.2,0.3,70.6,40.1,10.2,7.2,0.3,4.3,2.1,83.5,1.6,8.5,3.4,44.7,26.4,32.1,190.4,8.5,24.6,13.4,4.4,33.0,6.8,7.8,0.2,36.5,8.1
Luxembourg,1.4,2.2,0.0,1.4,0.6,25.0,0.7,3.6,1.4,15.1,10.5,6.5,22.1,6.9,4.5,3.0,1.6,10.9,1.8,2.8,0.1,9.7,3.2,0.8,1.1,0.7,0.2,14.0,0.4,2.0,0.5,7.2,4.2,3.1,12.4,3.6,2.8,1.4,0.7,4.6,0.9,1.3,0.0,5.8,2.3,0.6,1.1,0.0,0.7,0.4,11.0,0.3,1.6,0.9,7.9,6.3,3.4,9.7,3.3,1.8,1.6,0.9,6.3,0.9,1.5,0.0,3.8,0.9
Madagascar,2337.7,928.6,195.5,1247.7,610.1,535.8,14.8,100.5,62.5,470.4,177.2,270.6,929.1,287.1,213.3,103.8,91.7,172.7,333.6,29.3,16.8,941.5,169.1,1285.5,478.2,711.8,325.8,264.1,7.7,55.4,33.2,243.5,82.0,133.0,482.7,140.3,124.1,48.0,43.0,85.9,172.0,13.4,9.3,592.2,119.8,1052.3,450.4,195.5,535.9,284.3,271.7,7.1,45.0,29.3,226.9,95.1,137.6,446.4,146.8,89.2,55.8,48.6,86.8,161.6,15.9,7.4,349.3,49.4
Malawi,2942.9,577.9,143.6,1263.8,402.3,480.6,15.8,62.1,53.3,312.1,126.0,155.9,323.6,100.6,136.7,72.5,71.0,112.6,300.4,24.2,12.2,600.0,54.8,1598.6,315.7,711.4,211.9,246.6,10.4,36.4,30.0,163.7,56.8,78.7,168.8,48.4,85.6,35.5,33.2,55.8,168.8,11.6,7.2,403.4,39.0,1344.3,262.1,143.6,552.4,190.5,234.0,5.4,25.7,23.2,148.5,69.3,77.3,154.8,52.3,51.1,37.0,37.8,56.7,131.6,12.5,5.0,196.6,15.8
Malaysia,657.2,359.5,13.9,223.4,94.9,786.4,27.8,273.6,42.8,631.9,344.4,295.8,1341.3,298.8,180.7,190.6,127.0,357.3,150.4,61.3,2.2,650.1,162.1,487.2,203.6,123.4,33.6,398.0,16.1,132.0,21.3,331.9,148.1,146.8,804.6,181.1,114.6,78.9,61.7,151.0,69.8,27.0,1.2,479.9,123.8,170.0,155.9,13.9,99.9,61.3,388.5,11.8,141.6,21.5,300.1,196.3,149.0,536.7,117.7,66.1,111.7,65.3,206.3,80.6,34.4,1.1,170.2,38.3
Maldives,2.7,1.3,0.3,3.1,2.9,6.6,0.0,1.9,1.6,6.7,3.9,4.2,10.2,3.9,0.9,2.7,1.6,4.0,2.4,0.6,0.1,3.4,2.6,1.7,0.6,1.7,1.1,3.9,0.0,1.0,0.8,3.4,1.8,2.2,6.6,1.9,0.6,1.1,0.8,1.8,1.2,0.3,0.0,2.3,2.0,1.0,0.6,0.3,1.4,1.8,2.7,0.0,0.9,0.8,3.3,2.1,2.0,3.5,2.0,0.3,1.6,0.8,2.3,1.2,0.3,0.0,1.2,0.6
Mali,4654.2,1195.1,277.8,2309.4,821.6,338.7,7.7,90.8,191.0,300.8,157.3,183.8,687.7,216.7,277.4,184.4,63.9,117.9,392.2,26.6,20.4,947.5,214.7,2393.4,589.8,1289.1,387.5,128.1,4.7,35.4,79.7,161.7,77.4,87.2,295.5,119.8,166.7,98.1,29.6,52.5,190.5,12.8,13.0,619.7,157.7,2260.8,605.3,277.8,1020.2,434.0,210.6,2.9,55.4,111.3,139.1,79.9,96.6,392.2,96.9,110.7,86.3,34.3,65.4,201.7,13.9,7.4,327.8,57.0
Malta,0.8,2.9,0.0,1.8,0.3,21.2,0.4,4.3,1.0,10.3,7.7,5.6,24.0,4.8,2.5,2.5,1.3,8.6,1.9,2.1,0.0,6.0,1.8,0.5,1.5,1.0,0.1,12.0,0.2,2.4,0.4,4.8,3.1,2.6,13.4,2.8,1.4,1.1,0.6,3.6,1.0,1.0,0.0,3.6,1.4,0.3,1.5,0.0,0.9,0.2,9.2,0.3,1.9,0.6,5.5,4.6,2.9,10.6,2.0,1.0,1.4,0.8,5.0,0.9,1.1,0.0,2.4,0.4
Mauritania,496.4,227.3,57.9,427.8,94.8,60.9,2.8,21.3,25.2,74.5,42.8,51.8,143.3,30.5,56.0,40.0,16.4,34.9,73.1,8.0,4.9,162.2,40.8,266.4,132.9,246.5,45.9,27.4,1.5,8.6,10.2,40.4,20.1,24.8,69.5,15.6,33.8,19.2,7.7,15.9,34.9,3.9,3.3,103.5,29.8,230.0,94.3,57.9,181.3,48.9,33.6,1.4,12.6,15.0,34.1,22.7,27.0,73.8,14.9,22.1,20.8,8.7,19.0,38.2,4.1,1.6,58.7,11.0
Mauritius,14.9,7.6,0.5,11.1,9.9,34.6,2.1,71.1,4.6,28.4,16.0,19.4,80.8,26.0,11.6,9.8,4.9,20.0,7.2,3.9,0.1,22.1,7.0,9.7,4.5,6.0,3.4,16.3,0.9,41.0,2.4,15.3,8.2,9.2,47.9,15.7,8.7,4.6,2.4,8.3,3.8,1.7,0.0,16.3,5.6,5.2,3.1,0.5,5.1,6.5,18.4,1.2,30.1,2.2,13.1,7.7,10.2,32.9,10.2,2.9,5.2,2.6,11.7,3.3,2.2,0.0,5.8,1.3
Mexico,945.0,913.9,60.7,1380.8,487.4,2392.1,188.1,3507.6,413.6,2587.3,1480.8,1573.1,3539.8,950.6,2026.2,1212.3,391.3,1519.1,1165.6,403.3,31.8,2247.5,1781.5,577.8,513.2,765.3,236.7,1114.8,93.6,1810.2,204.6,1413.2,640.7,767.4,2014.6,496.0,1312.5,569.6,181.1,625.9,609.3,180.3,17.5,1670.7,1518.5,367.2,400.7,60.7,615.6,250.7,1277.3,94.5,1697.4,209.0,1174.1,840.1,805.6,1525.2,454.6,713.7,642.7,210.2,893.3,556.3,222.9,14.4,576.7,262.9
Micronesia (Federated States of),2.8,2.0,0.1,3.4,0.8,2.4,0.0,2.3,0.3,1.8,0.9,1.2,5.8,1.6,0.8,1.3,0.4,1.1,1.3,0.1,0.0,2.0,1.1,1.5,1.1,1.9,0.3,1.2,0.0,1.2,0.1,1.0,0.4,0.6,3.0,0.9,0.5,0.5,0.2,0.5,0.7,0.1,0.0,1.3,0.8,1.3,0.9,0.1,1.6,0.5,1.2,0.0,1.2,0.1,0.8,0.5,0.6,2.8,0.7,0.4,0.8,0.2,0.7,0.6,0.1,0.0,0.7,0.3
Mongolia,60.3,26.5,1.7,55.7,17.5,124.6,2.9,7.4,7.2,78.8,30.0,32.6,207.4,15.8,56.6,23.4,7.6,28.8,29.5,7.8,0.7,102.4,37.7,39.4,16.6,33.1,7.2,74.2,1.5,4.5,3.5,48.2,12.6,15.7,125.5,8.7,34.7,10.9,3.6,12.3,15.6,3.5,0.3,76.7,32.3,20.9,10.0,1.7,22.6,10.4,50.4,1.4,3.0,3.8,30.6,17.5,16.9,81.9,7.1,21.9,12.4,4.0,16.5,13.8,4.3,0.4,25.7,5.4
Montenegro,1.4,1.7,0.1,2.9,1.3,40.3,0.1,5.8,1.0,13.2,10.0,10.2,66.5,4.7,4.3,4.6,1.5,9.9,1.3,2.4,0.1,15.0,3.5,0.7,1.0,1.5,0.6,23.9,0.0,2.9,0.5,6.7,4.0,4.8,35.0,2.9,2.6,2.3,0.7,4.3,0.6,1.1,0.1,10.1,2.6,0.7,0.7,0.1,1.4,0.7,16.5,0.0,2.9,0.6,6.5,5.9,5.5,31.4,1.8,1.7,2.3,0.8,5.6,0.7,1.3,0.0,4.9,0.8
Morocco,431.0,346.9,33.1,998.9,152.3,839.4,46.0,404.6,99.9,934.5,526.1,541.0,1394.2,225.8,161.9,305.7,90.9,547.6,331.0,108.4,16.8,703.4,91.0,234.0,183.0,544.6,62.6,439.9,26.3,164.7,39.8,446.4,222.3,250.4,690.4,120.1,81.2,109.0,42.4,237.1,173.7,52.6,9.0,474.8,48.4,197.0,163.9,33.1,454.2,89.7,399.5,19.7,239.9,60.1,488.1,303.8,290.6,703.7,105.6,80.7,196.7,48.6,310.6,157.4,55.8,7.8,228.7,42.6
Mozambique,7540.1,1286.5,240.3,2541.4,546.0,850.1,22.4,120.0,133.4,527.0,228.5,301.6,672.8,181.9,245.3,152.8,139.5,186.2,484.9,38.7,45.6,1244.5,159.5,4055.3,657.3,1436.4,246.1,387.0,13.3,65.2,77.0,269.0,96.7,142.8,321.7,84.9,139.6,74.5,63.5,86.1,271.8,17.1,28.2,816.9,113.3,3484.8,629.2,240.3,1105.0,299.9,463.1,9.1,54.7,56.4,258.0,131.8,158.8,351.1,97.0,105.6,78.3,75.9,100.1,213.1,21.6,17.4,427.6,46.1
Myanmar,3056.9,1244.4,78.5,1922.6,339.3,1734.2,22.4,631.7,166.2,965.9,659.5,1184.2,2819.1,1116.9,1270.3,589.5,226.4,671.3,509.5,88.6,32.8,1769.1,467.8,1947.6,667.8,1012.8,144.4,913.8,10.5,296.3,53.3,504.5,239.4,549.4,1369.7,687.5,863.8,267.9,100.8,261.3,238.6,39.8,13.5,1042.6,242.0,1109.3,576.6,78.5,909.8,194.9,820.4,11.8,335.4,112.8,461.4,420.1,634.8,1449.5,429.4,406.5,321.7,125.6,409.9,271.0,48.8,19.3,726.4,225.8
Namibia,369.5,86.4,14.9,110.4,30.5,35.5,1.9,27.6,9.3,52.5,29.4,26.1,81.0,28.7,18.6,14.8,9.6,20.5,30.1,6.1,1.7,83.0,41.1,188.1,45.6,62.3,16.8,18.4,1.1,12.6,5.1,28.2,13.7,11.9,38.9,15.2,10.5,6.8,4.3,9.4,16.6,2.6,0.9,57.4,34.1,181.4,40.7,14.9,48.1,13.7,17.1,0.7,15.0,4.2,24.3,15.8,14.2,42.0,13.4,8.1,8.1,5.3,11.1,13.6,3.5,0.9,25.6,6.9
Nepal,1135.1,482.4,76.0,980.9,211.6,593.8,8.7,225.1,64.4,595.1,342.4,333.5,1363.0,576.8,307.1,244.7,97.2,373.3,225.1,45.6,21.0,759.9,215.9,580.5,249.0,530.4,87.6,268.7,4.8,96.5,27.3,297.6,141.7,159.5,827.1,265.4,188.4,114.3,45.2,141.7,114.9,21.6,10.3,471.1,123.5,554.6,233.4,76.0,450.5,124.0,325.1,3.9,128.6,37.1,297.5,200.7,174.0,535.8,311.3,118.8,130.3,52.0,231.6,110.2,24.0,10.7,288.8,92.4
Netherlands,52.9,88.1,1.3,53.6,15.7,1036.0,29.7,129.2,41.2,451.7,427.0,200.3,673.7,252.2,102.9,96.3,48.9,373.1,58.6,98.5,0.8,234.3,94.3,27.5,44.3,29.0,5.1,558.5,15.0,70.3,19.9,210.4,171.3,96.4,365.2,132.6,57.6,44.6,21.3,154.1,29.7,46.4,0.5,124.4,61.8,25.4,43.7,1.3,24.6,10.7,477.6,14.7,58.9,21.3,241.3,255.7,103.9,308.5,119.5,45.2,51.7,27.6,219.0,28.8,52.2,0.3,109.9,32.5
New Zealand,9.6,17.2,0.7,18.0,2.6,205.3,4.2,28.8,10.7,132.6,79.7,49.2,169.6,61.8,21.5,17.7,14.1,97.5,17.4,18.2,1.6,75.1,33.2,4.9,7.8,9.6,1.0,106.7,2.2,16.2,5.5,62.7,32.3,26.0,95.8,31.2,11.5,7.6,6.2,41.8,9.2,7.8,1.0,47.1,23.4,4.7,9.4,0.7,8.5,1.6,98.6,2.0,12.6,5.3,69.9,47.4,23.3,73.8,30.6,10.0,10.1,7.9,55.7,8.1,10.4,0.6,28.0,9.8
Nicaragua,69.0,68.4,11.8,76.8,20.8,127.9,3.1,67.6,11.6,137.1,78.4,81.3,173.1,37.3,85.7,112.7,18.0,67.0,65.2,16.1,2.4,137.0,102.7,40.5,40.3,43.4,9.6,59.5,1.4,29.4,5.2,80.1,32.3,37.5,88.6,18.3,58.7,68.4,8.5,25.5,32.5,6.8,1.3,106.9,83.3,28.6,28.0,11.8,33.4,11.3,68.3,1.6,38.2,6.4,57.0,46.1,43.8,84.6,18.9,27.1,44.3,9.5,41.5,32.7,9.4,1.1,30.1,19.4
Niger,4612.8,1975.4,352.3,2232.1,844.9,238.7,7.2,100.2,238.3,350.8,172.4,240.3,724.4,178.7,320.5,188.9,71.3,139.6,430.9,29.9,23.6,1294.2,204.5,2403.2,999.3,1214.7,406.3,110.3,4.1,45.4,92.6,183.2,82.9,118.9,369.0,95.8,190.1,104.4,32.1,65.4,200.7,14.9,15.0,838.2,145.0,2209.6,976.1,352.3,1017.5,438.6,128.4,3.2,54.8,145.6,167.6,89.5,121.3,355.3,82.9,130.3,84.4,39.2,74.2,230.3,14.9,8.6,456.0,59.5
Nigeria,47919.0,18728.9,4358.0,20339.8,5726.9,3048.9,148.7,947.2,3159.6,3791.1,2010.6,1849.3,6952.8,1600.9,4196.3,1500.7,804.0,1451.8,4137.9,187.9,213.5,9288.6,2614.3,25903.1,9845.7,11440.9,2683.4,1251.0,68.9,388.8,969.8,2131.1,953.8,900.4,3349.0,777.2,2673.4,650.9,375.0,658.5,1924.1,91.0,140.6,5818.4,1753.2,22015.9,8883.2,4358.0,8898.9,3043.6,1797.9,79.8,558.4,2189.8,1660.0,1056.8,948.8,3603.9,823.7,1522.9,849.8,429.0,793.3,2213.8,97.0,72.9,3470.2,861.1
Norway,14.8,28.6,0.4,13.4,5.7,238.0,4.8,33.0,12.1,158.6,111.7,51.3,195.3,70.7,27.2,25.4,15.2,92.7,15.9,23.8,0.6,80.7,30.3,7.6,14.4,7.5,1.9,128.0,2.5,18.9,5.7,85.9,44.1,25.3,108.8,37.1,15.1,12.7,6.7,38.9,8.5,11.1,0.4,46.4,20.3,7.2,14.3,0.4,5.9,3.8,110.0,2.3,14.0,6.4,72.7,67.6,26.0,86.5,33.6,12.1,12.7,8.5,53.8,7.4,12.7,0.2,34.3,10.0
Oman,35.8,23.2,1.2,36.0,16.3,43.8,2.5,54.1,13.6,117.5,49.3,40.3,129.1,18.0,12.8,24.4,12.6,61.9,32.5,10.7,1.1,118.1,25.2,27.0,14.6,21.1,9.1,28.4,1.7,36.5,8.5,80.2,29.3,26.1,90.9,12.2,9.0,13.5,7.9,40.5,19.3,7.4,0.6,99.1,21.5,8.9,8.6,1.2,14.9,7.2,15.5,0.8,17.6,5.1,37.2,20.1,14.2,38.2,5.8,3.8,10.9,4.7,21.4,13.2,3.2,0.5,19.0,3.7
Pakistan,11628.5,6721.7,600.6,20017.1,2210.2,4615.6,154.3,1764.7,809.6,3866.5,2065.5,2109.1,10490.8,2592.9,2572.3,1742.6,705.2,1929.1,2747.2,358.5,402.4,6250.7,1693.7,5744.1,3437.1,10581.6,881.2,2174.9,70.7,731.0,379.0,2049.3,849.3,1073.3,6189.5,1699.6,1328.5,1173.7,308.8,760.0,1486.0,183.6,238.9,3661.2,1125.9,5884.4,3284.6,600.6,9435.4,1329.0,2440.7,83.6,1033.7,430.6,1817.2,1216.1,1035.8,4301.3,893.4,1243.9,568.9,396.4,1169.0,1261.2,174.9,163.6,2589.5,567.8
Panama,78.7,36.1,4.2,51.1,14.8,96.8,5.6,50.3,9.6,75.0,48.8,53.5,121.1,38.4,28.7,30.9,12.5,44.8,41.1,12.4,0.4,67.7,61.0,50.8,20.2,28.6,6.6,49.4,3.0,24.9,5.1,39.1,22.0,26.0,74.0,20.6,17.0,16.3,6.0,18.8,21.7,5.4,0.2,52.9,54.4,27.9,15.9,4.2,22.5,8.3,47.5,2.6,25.4,4.5,35.9,26.8,27.5,47.2,17.8,11.7,14.6,6.5,26.0,19.5,7.0,0.2,14.9,6.6
Papua New Guinea,733.5,250.5,19.6,421.6,77.9,241.2,2.7,106.7,20.4,129.2,52.9,101.6,421.9,137.2,86.2,69.5,31.2,77.9,100.6,9.2,3.9,223.0,83.3,403.8,145.0,218.6,30.4,104.7,1.3,46.0,10.5,69.2,23.1,49.8,236.4,79.6,55.8,32.6,15.4,32.3,56.0,4.2,2.0,154.2,61.5,329.7,105.4,19.6,203.1,47.5,136.5,1.4,60.7,9.9,60.0,29.7,51.7,185.5,57.7,30.4,36.9,15.8,45.6,44.7,5.0,1.9,68.8,21.8
Paraguay,122.9,66.6,17.1,118.5,36.7,166.1,7.0,85.5,14.1,163.0,84.9,84.1,258.2,47.6,61.9,70.5,23.9,84.7,74.2,16.7,2.9,202.5,75.9,73.6,36.3,66.2,15.4,84.0,4.4,36.8,6.6,82.2,36.1,41.6,141.5,25.9,37.5,31.0,11.4,36.0,37.9,7.8,1.7,150.8,55.1,49.3,30.4,17.1,52.3,21.3,82.0,2.6,48.7,7.4,80.8,48.8,42.5,116.7,21.7,24.4,39.5,12.5,48.7,36.3,8.9,1.2,51.7,20.8
Peru,451.3,614.5,31.5,375.9,174.8,758.1,14.1,235.8,43.9,646.8,382.8,460.0,905.0,294.3,469.9,321.9,106.2,364.7,279.4,97.2,1.7,758.1,296.5,275.4,340.9,199.5,78.5,348.0,6.9,122.0,20.9,334.9,162.5,215.7,511.9,156.9,293.5,150.0,50.6,165.1,142.3,46.5,0.9,540.9,231.0,175.9,273.6,31.5,176.5,96.3,410.0,7.2,113.8,23.0,311.8,220.3,244.3,393.2,137.4,176.5,171.9,55.6,199.6,137.1,50.7,0.8,217.2,65.6
Philippines,3231.3,2809.4,184.6,2458.0,541.7,2251.3,119.0,1200.2,302.3,1816.7,880.2,1361.7,6872.7,1724.9,865.2,1136.8,438.0,1187.2,929.7,194.0,46.6,1966.6,1386.7,1908.5,1565.1,1391.4,240.6,1051.9,66.2,610.9,143.9,976.6,407.8,670.5,4174.7,1042.2,627.0,632.4,213.2,523.7,485.9,85.0,25.7,1365.1,1153.2,1322.9,1244.3,184.6,1066.6,301.1,1199.4,52.8,589.3,158.4,840.1,472.5,691.3,2698.1,682.7,238.2,504.3,224.8,663.5,443.8,109.0,20.9,601.5,233.5
Poland,115.3,316.6,2.1,118.4,75.4,2545.6,113.7,318.1,71.5,916.5,501.4,776.6,3401.1,435.2,533.1,211.4,95.8,661.3,139.1,166.0,2.6,1088.3,304.9,65.0,187.5,61.6,30.7,1447.8,65.0,169.3,30.6,528.6,209.8,339.5,1905.6,261.4,338.6,93.4,43.3,269.5,70.3,71.5,1.5,704.2,259.7,50.2,129.0,2.1,56.8,44.7,1097.8,48.7,148.9,40.8,387.9,291.6,437.1,1495.5,173.8,194.4,118.0,52.5,391.8,68.8,94.4,1.0,384.1,45.1
Portugal,77.4,112.7,0.8,21.8,13.9,612.8,11.6,117.7,37.9,280.6,229.0,165.9,519.7,141.1,112.3,77.4,27.2,223.5,22.2,51.1,0.2,165.5,55.2,52.3,59.9,11.5,4.4,380.5,6.2,56.9,18.0,122.3,91.8,72.2,272.8,73.3,74.2,35.7,11.4,86.1,11.7,21.4,0.1,100.0,40.6,25.1,52.8,0.8,10.3,9.5,232.3,5.4,60.8,19.9,158.3,137.2,93.7,246.9,67.8,38.1,41.6,15.8,137.4,10.5,29.7,0.1,65.5,14.6
Qatar,10.8,5.8,0.4,10.5,3.9,24.5,0.2,25.4,2.7,63.1,23.6,17.2,38.0,7.4,8.0,11.4,5.6,31.8,13.0,5.3,0.3,55.2,21.6,9.1,4.2,6.2,2.0,16.4,0.2,18.8,1.7,46.8,15.8,12.5,31.5,5.4,6.2,7.0,3.9,22.3,8.1,3.9,0.2,50.0,20.0,1.8,1.5,0.4,4.3,1.8,8.1,0.0,6.6,1.0,16.3,7.7,4.7,6.5,2.0,1.8,4.5,1.8,9.5,4.9,1.3,0.1,5.2,1.6
Republic of Korea,224.2,310.9,4.3,116.8,114.2,2010.8,33.8,512.3,77.9,1243.3,734.1,598.2,1355.8,483.9,386.8,318.7,134.9,929.6,96.3,178.3,7.2,858.7,581.7,135.6,173.2,60.2,31.6,1270.2,19.2,281.0,40.2,608.9,288.1,283.0,754.4,302.8,264.2,145.9,57.4,386.3,50.1,90.2,3.9,554.0,407.1,88.5,137.7,4.3,56.5,82.6,740.6,14.7,231.3,37.7,634.4,446.0,315.3,601.3,181.2,122.6,172.7,77.5,543.3,46.2,88.2,3.3,304.7,174.6
Republic of Moldova,32.8,49.6,1.1,34.1,12.8,202.9,3.3,27.0,6.2,121.2,48.8,62.2,527.4,30.6,140.6,30.5,10.7,64.6,27.6,15.0,0.5,122.4,41.7,22.6,34.8,17.2,3.9,120.9,1.5,12.1,2.2,64.8,21.5,27.0,275.9,18.6,80.5,11.7,4.9,27.3,15.5,6.7,0.3,84.8,33.6,10.3,14.7,1.1,17.0,9.0,82.0,1.8,14.9,4.1,56.5,27.3,35.1,251.5,11.9,60.1,18.8,5.8,37.3,12.1,8.3,0.3,37.7,8.1
Romania,130.0,214.5,3.5,86.6,71.1,1340.4,8.9,118.1,30.6,416.5,260.0,360.8,2601.4,250.2,451.7,186.3,47.4,344.2,73.0,87.6,0.8,593.8,104.6,80.8,130.9,47.1,22.5,808.8,4.9,61.3,13.7,211.4,109.1,158.6,1400.5,161.0,291.0,89.4,21.4,141.7,36.9,38.1,0.4,400.4,84.4,49.3,83.6,3.5,39.5,48.6,531.6,4.0,56.9,16.9,205.1,150.9,202.2,1200.9,89.2,160.7,96.9,26.1,202.5,36.1,49.4,0.4,193.4,20.2
Russian Federation,2745.9,1445.0,38.0,698.5,166.2,9484.3,46.6,769.5,234.6,5907.4,2132.2,2502.4,20681.9,1102.8,2774.6,1044.9,392.3,2284.9,719.8,602.0,66.4,6034.2,2999.3,1882.1,1005.3,360.2,66.1,5255.7,19.6,313.1,77.7,3561.6,700.3,974.6,11193.3,672.6,1739.7,404.1,179.1,889.2,377.7,243.5,35.2,4177.1,2460.6,863.8,439.7,38.0,338.3,100.1,4228.7,26.9,456.5,156.9,2345.8,1431.9,1527.8,9488.6,430.2,1034.9,640.8,213.2,1395.7,342.1,358.5,31.1,1857.1,538.7
Rwanda,976.7,326.5,56.1,507.4,166.9,326.4,9.4,59.2,29.4,245.7,102.9,110.2,261.1,96.2,137.5,54.7,47.6,73.6,161.4,16.9,9.6,486.1,145.4,507.3,175.5,283.9,92.0,155.6,4.4,33.5,15.9,126.4,46.8,50.7,133.1,44.5,84.8,26.1,21.8,33.3,88.6,7.2,5.7,323.9,92.1,469.5,151.0,56.1,223.5,74.9,170.9,5.0,25.8,13.5,119.4,56.1,59.6,128.0,51.7,52.7,28.6,25.8,40.3,72.8,9.7,3.9,162.3,53.4
Saint Lucia,2.2,1.3,0.2,2.2,0.9,7.0,0.3,3.5,1.1,4.2,2.2,2.5,9.8,2.3,2.0,1.6,0.8,2.8,0.8,0.7,0.0,4.0,2.3,1.1,0.7,1.1,0.3,3.4,0.1,1.7,0.5,2.2,1.0,1.1,5.1,1.5,1.2,0.8,0.4,1.3,0.5,0.3,0.0,3.0,1.9,1.0,0.7,0.2,1.1,0.6,3.5,0.2,1.9,0.6,2.1,1.2,1.4,4.7,0.8,0.8,0.8,0.4,1.5,0.3,0.4,0.0,1.0,0.4
Saint Vincent and the Grenadines,2.2,1.4,0.1,1.7,0.7,4.7,0.1,3.0,0.7,2.6,1.4,1.4,6.9,1.2,1.2,1.0,0.4,1.6,0.9,0.4,0.0,2.2,1.0,1.3,0.8,0.9,0.3,2.5,0.1,1.5,0.3,1.5,0.6,0.7,4.0,0.8,0.8,0.5,0.2,0.7,0.5,0.2,0.0,1.8,0.8,0.9,0.7,0.1,0.8,0.4,2.2,0.0,1.5,0.3,1.2,0.7,0.7,2.9,0.4,0.4,0.5,0.3,0.9,0.3,0.2,0.0,0.5,0.2
Samoa,2.3,1.9,0.1,3.6,1.0,4.7,0.0,3.3,0.4,3.1,1.7,2.4,7.8,2.2,1.0,1.9,0.8,2.2,2.1,0.3,0.1,3.2,0.9,1.2,1.1,1.9,0.5,2.5,0.0,1.8,0.2,1.7,0.8,1.2,4.9,1.3,0.7,0.9,0.4,0.9,1.1,0.1,0.0,2.2,0.7,1.0,0.8,0.1,1.7,0.6,2.3,0.0,1.5,0.2,1.5,0.9,1.2,2.9,0.9,0.3,1.0,0.4,1.3,1.0,0.1,0.0,1.0,0.2
Sao Tome and Principe,12.0,5.8,0.6,8.2,3.0,3.7,0.0,0.5,0.9,3.4,1.8,1.9,5.8,2.4,3.7,2.4,0.7,1.4,2.8,0.3,0.1,7.5,1.3,7.4,3.1,4.7,1.6,1.8,0.0,0.3,0.3,1.7,0.8,0.9,2.5,1.2,2.2,1.0,0.3,0.6,1.1,0.2,0.1,5.6,0.9,4.6,2.7,0.6,3.4,1.4,1.9,0.0,0.3,0.6,1.6,1.0,1.0,3.3,1.2,1.5,1.4,0.4,0.8,1.7,0.2,0.0,1.9,0.3
Saudi Arabia,201.1,217.6,7.6,394.4,153.5,395.7,19.2,218.1,91.7,743.1,387.0,306.7,1137.1,154.7,148.2,293.5,100.9,453.3,295.0,69.4,17.8,933.6,190.5,125.7,120.5,209.1,40.7,211.9,10.7,133.7,41.3,429.5,194.2,175.8,723.3,86.5,92.0,151.6,53.0,244.9,151.4,41.2,8.8,722.0,125.6,75.4,97.1,7.6,185.3,112.7,183.7,8.5,84.4,50.3,313.6,192.8,130.9,413.8,68.3,56.2,141.9,48.0,208.4,143.6,28.2,9.0,211.6,64.9
Senegal,1341.5,544.4,90.9,954.4,306.8,244.3,8.8,77.0,94.0,270.3,141.0,152.8,433.1,108.5,170.4,128.1,55.1,109.7,256.8,27.7,15.5,619.2,123.7,726.3,294.4,544.3,140.2,102.5,4.4,33.3,41.3,140.4,65.8,69.9,212.0,60.1,106.5,66.9,24.7,47.1,125.2,12.8,10.7,406.6,93.2,615.2,250.1,90.9,410.1,166.6,141.8,4.4,43.7,52.6,129.9,75.2,82.9,221.2,48.4,63.9,61.2,30.4,62.6,131.6,15.0,4.8,212.6,30.6
Serbia,29.2,35.0,1.0,42.2,23.3,590.2,13.6,106.1,19.3,188.5,142.7,165.8,1011.0,132.0,98.8,84.6,22.1,160.5,31.7,37.0,0.5,188.0,63.5,16.3,20.4,21.9,9.9,341.8,7.2,54.5,7.9,95.6,59.7,74.9,527.2,78.0,60.2,41.7,10.1,66.5,15.8,16.4,0.3,119.5,46.7,12.9,14.7,1.0,20.3,13.4,248.4,6.4,51.5,11.5,92.9,82.9,90.9,483.7,54.0,38.6,42.9,12.0,94.1,16.0,20.6,0.2,68.5,16.9
Seychelles,1.1,1.6,0.1,1.1,0.3,4.0,0.0,1.0,0.4,1.9,1.3,1.3,6.6,1.2,1.7,1.8,0.3,1.3,0.7,0.2,0.0,2.2,0.9,0.7,1.1,0.6,0.1,2.4,0.0,0.5,0.2,1.0,0.6,0.6,4.2,0.8,1.4,1.0,0.2,0.6,0.4,0.1,0.0,1.6,0.7,0.4,0.5,0.1,0.5,0.2,1.6,0.0,0.5,0.2,0.9,0.8,0.6,2.4,0.4,0.4,0.8,0.2,0.7,0.4,0.1,0.0,0.5,0.2
Sierra Leone,2093.4,594.6,171.7,767.5,257.4,97.1,3.9,54.6,157.7,131.6,69.0,60.7,438.9,85.9,189.4,98.3,26.0,50.8,167.2,11.0,12.1,430.9,108.5,1110.3,306.6,441.9,125.0,39.3,1.8,19.6,53.1,70.1,34.0,29.9,210.0,43.0,106.5,51.9,11.7,22.2,83.1,5.3,7.7,287.0,75.8,983.1,287.9,171.7,325.7,132.4,57.8,2.1,35.0,104.6,61.6,35.0,30.8,228.9,42.9,82.9,46.5,14.3,28.7,84.1,5.7,4.4,143.9,32.6
Singapore,11.6,92.4,0.4,8.0,6.7,202.6,2.8,22.8,4.1,82.7,37.4,49.6,185.7,30.9,18.3,41.0,13.1,65.0,9.7,13.1,0.2,51.9,25.5,7.7,51.0,4.1,1.4,111.5,1.5,11.4,1.9,38.5,15.1,23.3,114.5,20.4,10.5,17.5,5.6,27.9,5.1,6.7,0.1,33.0,17.1,3.9,41.4,0.4,3.9,5.3,91.2,1.3,11.4,2.1,44.1,22.3,26.3,71.3,10.5,7.8,23.6,7.5,37.1,4.5,6.4,0.1,18.9,8.4
Slovakia,16.8,42.2,0.4,20.5,10.5,354.1,2.9,39.8,11.9,118.5,98.4,80.5,411.3,41.6,100.0,37.3,15.8,96.4,22.1,18.1,1.1,164.7,34.9,8.9,25.5,11.4,4.8,208.9,1.2,20.4,5.2,61.4,39.4,34.9,228.5,25.0,64.9,16.0,7.2,40.8,11.7,8.3,0.5,109.0,29.2,7.9,16.7,0.4,9.1,5.7,145.2,1.7,19.4,6.7,57.0,59.0,45.7,182.8,16.6,35.0,21.4,8.6,55.7,10.5,9.8,0.6,55.7,5.7
Slovenia,5.6,10.7,0.2,4.5,3.9,137.3,1.2,14.5,5.5,49.2,28.8,35.2,130.9,16.4,28.3,12.1,5.0,40.3,6.5,11.6,0.1,69.1,15.9,2.8,5.2,2.4,1.6,80.1,0.6,7.8,2.6,25.9,12.2,15.8,66.2,9.7,18.3,4.7,2.3,17.5,3.3,5.2,0.1,40.7,12.8,2.8,5.5,0.2,2.1,2.3,57.2,0.6,6.7,2.9,23.3,16.6,19.3,64.7,6.7,10.0,7.4,2.7,22.8,3.1,6.4,0.0,28.4,3.1
Solomon Islands,18.2,10.8,0.8,15.3,5.5,13.9,0.1,9.1,1.2,9.6,4.1,6.9,22.9,8.0,3.3,5.0,2.3,5.9,6.1,0.7,0.2,14.0,3.6,10.0,5.7,8.3,2.4,6.5,0.1,4.3,0.7,5.1,1.9,3.5,13.0,4.7,2.1,2.4,1.1,2.4,3.4,0.3,0.1,9.3,2.6,8.2,5.1,0.8,7.0,3.1,7.4,0.0,4.8,0.5,4.5,2.2,3.3,9.9,3.3,1.2,2.7,1.2,3.5,2.7,0.4,0.1,4.7,1.0
Somalia,3838.3,1918.2,272.3,1882.1,549.9,228.1,14.8,76.4,86.9,205.6,103.7,131.0,514.5,118.4,246.6,86.9,51.2,66.9,344.7,14.3,30.1,863.1,532.6,1987.4,1002.5,1057.9,286.2,92.2,7.4,43.0,47.1,106.6,55.1,63.9,270.4,62.1,147.8,47.9,23.6,31.7,174.9,6.7,16.7,524.7,388.2,1850.9,915.7,272.3,824.2,263.8,135.9,7.5,33.4,39.7,99.1,48.5,67.2,244.2,56.3,98.9,38.9,27.6,35.2,169.8,7.6,13.3,338.3,144.4
South Africa,9048.5,1682.3,102.8,1410.9,550.5,1632.6,52.7,1224.5,362.1,1219.1,761.2,708.7,2482.4,835.8,495.5,565.9,197.9,577.2,558.9,130.0,45.6,1517.2,1419.2,4661.9,957.8,806.0,262.2,786.1,28.7,591.8,208.8,632.5,360.5,323.8,1349.6,480.8,308.2,284.1,93.3,271.4,301.9,59.1,24.9,1038.8,1144.8,4386.6,724.5,102.8,604.9,288.3,846.5,24.0,632.7,153.4,586.6,400.7,384.9,1132.8,354.9,187.3,281.8,104.6,305.7,257.0,70.9,20.8,478.4,274.4
South Sudan,2902.5,917.6,210.5,1247.8,366.9,303.9,0.1,68.8,51.8,234.0,99.6,147.9,360.0,96.6,157.6,71.4,52.9,82.2,221.0,17.8,9.4,583.0,200.1,1489.5,478.4,697.5,192.9,139.6,0.1,38.3,27.2,120.7,47.4,72.6,185.0,48.0,96.2,35.5,24.6,39.7,114.6,8.3,5.2,367.0,146.1,1413.0,439.2,210.5,550.4,174.0,164.4,0.1,30.5,24.6,113.3,52.1,75.3,175.1,48.6,61.5,35.8,28.3,42.5,106.4,9.5,4.2,216.0,53.9
Spain,173.0,221.7,3.4,114.6,56.2,2336.9,77.5,295.9,129.6,1194.6,1114.4,696.3,1921.2,701.1,414.8,330.6,128.7,882.4,108.6,175.9,3.0,667.4,177.3,104.8,117.9,61.1,18.1,1440.4,42.4,151.3,60.3,539.6,416.1,320.8,1038.9,410.1,255.7,148.8,54.2,359.8,56.0,76.1,1.7,385.1,126.4,68.3,103.8,3.4,53.5,38.2,896.5,35.1,144.6,69.2,655.0,698.3,375.5,882.3,291.0,159.1,181.8,74.5,522.6,52.6,99.9,1.3,282.3,50.9
Sri Lanka,232.3,161.6,6.6,149.3,75.2,592.4,6.1,401.2,37.4,412.8,303.3,337.2,1172.9,362.1,247.1,224.4,65.3,261.4,131.6,47.9,2.9,534.4,233.4,139.7,98.2,80.3,18.8,308.3,3.8,193.1,17.9,213.4,121.4,158.4,706.4,203.5,201.8,117.6,30.6,106.2,63.7,20.7,0.8,391.6,178.3,92.7,63.3,6.6,69.0,56.4,284.1,2.4,208.1,19.5,199.3,181.9,178.7,466.6,158.6,45.3,106.8,34.8,155.2,67.9,27.2,2.0,142.8,55.2
Sudan,2995.0,1419.7,229.0,3330.0,584.1,631.9,48.0,283.2,232.2,895.9,466.8,485.1,2575.1,420.3,368.8,423.6,111.1,475.4,729.2,76.2,31.7,1910.9,658.3,1499.1,638.9,1889.1,260.8,313.1,27.2,127.3,113.5,465.1,200.7,236.6,1312.6,216.9,217.6,182.0,52.0,201.8,398.9,37.4,16.5,1362.2,486.0,1495.9,780.8,229.0,1440.9,323.2,318.8,20.8,155.9,118.8,430.9,266.1,248.5,1262.6,203.4,151.1,241.6,59.1,273.6,330.3,38.8,15.2,548.7,172.3
Suriname,13.7,5.5,1.1,10.6,2.7,17.9,0.1,9.8,1.7,13.5,6.9,6.7,32.8,4.6,7.3,7.9,2.3,7.3,4.0,1.7,0.4,14.6,9.6,7.6,3.2,5.9,1.1,9.0,0.0,5.2,0.8,6.8,3.1,3.0,19.5,2.5,4.7,4.1,1.1,3.3,2.1,0.7,0.2,10.6,7.2,6.1,2.2,1.1,4.7,1.6,8.9,0.0,4.6,0.9,6.7,3.8,3.7,13.3,2.1,2.6,3.8,1.2,4.1,1.9,0.9,0.2,4.0,2.3
Swaziland,316.1,60.7,8.4,79.2,21.8,28.0,1.9,26.0,10.0,28.7,16.9,13.2,44.6,17.6,12.1,10.3,5.2,10.5,27.0,2.3,1.6,60.0,28.6,153.4,32.0,45.1,11.8,14.1,1.0,10.9,4.9,15.6,8.3,6.3,20.0,9.6,6.8,4.7,2.4,4.8,15.1,1.1,0.9,39.1,21.8,162.6,28.7,8.4,34.1,10.1,13.9,1.0,15.1,5.0,13.1,8.6,6.9,24.7,8.0,5.2,5.6,2.9,5.7,11.9,1.2,0.7,20.9,6.8
Sweden,28.2,49.5,0.6,26.1,8.8,465.5,17.8,86.7,22.8,288.0,233.7,106.1,507.6,132.5,65.1,46.4,30.4,208.9,31.4,40.5,1.8,153.7,66.7,14.1,26.4,13.9,3.4,242.2,9.3,49.9,11.0,143.8,94.0,50.9,281.1,59.8,37.5,22.4,13.1,87.6,16.6,18.7,1.1,92.2,45.5,14.2,23.1,0.6,12.2,5.4,223.3,8.5,36.8,11.8,144.2,139.7,55.2,226.5,72.7,27.6,24.1,17.2,121.3,14.8,21.8,0.8,61.5,21.2
Switzerland,20.5,34.6,0.5,33.5,15.1,383.8,11.0,44.4,21.0,221.7,197.1,100.2,332.6,92.0,56.3,50.3,23.3,180.6,30.6,43.4,0.7,130.5,52.4,11.1,17.3,17.9,2.2,214.7,5.5,24.5,9.0,104.7,78.2,46.4,178.6,49.7,33.4,24.0,10.0,74.2,16.1,19.6,0.4,75.5,35.1,9.3,17.3,0.5,15.6,12.9,169.1,5.5,19.8,12.0,117.0,118.9,53.8,154.0,42.3,22.9,26.2,13.3,106.4,14.5,23.7,0.3,55.0,17.3
Syrian Arab Republic,288.4,136.3,19.7,272.0,93.6,442.3,20.9,93.9,51.2,406.8,214.8,209.9,955.7,131.5,84.4,130.4,46.8,206.9,175.4,38.9,4.3,330.1,4454.6,142.7,73.0,152.8,40.8,224.4,12.3,44.3,20.6,206.0,86.5,102.2,532.8,67.7,43.8,52.8,22.2,85.1,93.7,19.0,2.1,226.7,3083.1,145.7,63.3,19.7,119.2,52.8,217.9,8.7,49.6,30.6,200.8,128.2,107.7,422.9,63.8,40.6,77.6,24.6,121.9,81.6,19.9,2.2,103.5,1371.6
Tajikistan,224.6,229.1,4.5,414.9,61.5,176.7,28.2,35.7,19.4,152.9,89.1,90.5,413.8,58.0,78.6,52.0,20.3,67.6,118.8,19.1,7.8,256.2,26.7,138.5,120.8,239.0,25.6,93.6,19.9,19.1,8.8,85.2,39.5,46.3,226.5,30.0,45.9,21.3,9.5,31.0,63.9,9.1,4.2,170.9,19.0,86.1,108.3,4.5,175.9,35.9,83.1,8.3,16.6,10.6,67.7,49.6,44.2,187.3,28.0,32.7,30.7,10.8,36.6,54.9,10.0,3.7,85.4,7.8
Thailand,1695.7,1016.9,12.5,458.8,102.8,2871.9,75.1,789.1,141.6,1525.1,1169.5,1165.4,3031.6,1075.1,909.2,977.8,323.8,1268.0,329.8,180.6,13.7,2290.0,713.8,1027.0,584.6,249.4,41.1,1616.8,40.5,353.9,68.3,826.9,495.6,556.5,1817.5,676.8,657.7,456.9,162.5,501.3,162.5,81.1,8.2,1754.0,589.0,668.7,432.3,12.5,209.3,61.7,1255.1,34.7,435.2,73.3,698.2,673.9,608.9,1214.1,398.3,251.4,520.9,161.4,766.7,167.3,99.5,5.5,536.1,124.8
The former Yugoslav Republic of Macedonia,5.2,6.3,0.2,20.1,6.1,107.5,0.6,29.3,3.4,40.7,24.3,33.5,235.2,23.3,15.1,16.8,4.7,31.4,7.2,7.8,0.5,41.9,9.0,2.9,3.5,10.8,2.9,64.6,0.3,13.8,1.5,20.2,10.6,15.8,126.3,13.9,9.5,8.1,2.2,13.7,3.6,3.6,0.2,27.2,6.7,2.4,2.9,0.2,9.2,3.3,42.9,0.3,15.5,1.9,20.5,13.8,17.7,109.0,9.5,5.6,8.7,2.6,17.7,3.6,4.2,0.3,14.6,2.3
Timor-Leste,94.4,49.5,4.5,76.2,8.7,27.5,0.2,5.4,2.9,19.0,10.3,17.9,37.4,12.1,9.1,5.2,4.2,9.3,18.1,1.7,1.7,39.9,12.7,57.7,24.3,44.9,4.9,14.8,0.1,2.4,1.4,10.1,4.5,8.9,20.1,6.5,5.5,2.6,2.0,4.0,9.4,0.8,0.8,26.2,9.3,36.8,25.1,4.5,31.3,3.8,12.7,0.1,3.0,1.5,8.9,5.8,9.0,17.3,5.7,3.5,2.6,2.1,5.3,8.7,0.9,0.9,13.7,3.4
Togo,1314.0,422.4,57.1,567.4,161.1,125.1,5.1,38.5,80.4,143.3,71.7,72.0,319.8,72.6,124.7,65.7,27.2,57.6,141.4,12.7,6.4,363.1,82.5,651.0,232.6,323.9,71.6,51.6,2.6,17.8,27.9,75.9,32.4,33.9,162.7,36.5,69.2,32.6,12.0,25.3,67.6,6.1,4.3,228.2,57.9,663.0,189.8,57.1,243.5,89.5,73.5,2.5,20.7,52.4,67.4,39.2,38.1,157.1,36.1,55.5,33.0,15.1,32.3,73.8,6.6,2.1,134.9,24.6
Tonga,1.5,1.2,0.1,1.5,0.9,3.4,0.0,2.8,0.3,1.7,1.0,1.2,3.8,1.5,1.0,1.2,0.5,1.2,1.1,0.1,0.0,1.7,0.5,0.8,0.6,0.7,0.4,1.9,0.0,1.3,0.2,0.9,0.4,0.6,2.3,0.9,0.7,0.6,0.2,0.5,0.7,0.1,0.0,1.2,0.3,0.8,0.6,0.1,0.8,0.5,1.6,0.0,1.5,0.1,0.8,0.6,0.6,1.5,0.6,0.4,0.6,0.2,0.7,0.4,0.1,0.0,0.6,0.2
Trinidad and Tobago,24.2,10.6,0.8,19.8,5.7,50.8,3.2,61.0,7.9,32.5,19.6,17.1,91.3,14.4,14.0,13.8,4.8,23.4,10.0,5.1,0.3,30.7,44.2,14.0,6.1,10.9,1.7,25.5,1.6,32.8,3.8,16.5,9.6,7.7,52.0,8.4,8.6,7.4,2.2,10.1,5.3,2.3,0.2,23.3,38.3,10.2,4.5,0.8,8.9,4.0,25.3,1.7,28.1,4.0,16.0,10.0,9.4,39.3,6.0,5.4,6.4,2.7,13.3,4.6,2.9,0.1,7.4,6.0
Tunisia,80.5,87.4,8.5,154.1,17.5,248.2,13.0,142.3,32.3,281.4,201.0,162.6,675.6,100.6,76.5,131.9,32.7,198.1,98.9,34.4,3.8,236.4,35.3,45.2,43.6,80.2,7.9,149.2,7.3,69.1,12.9,136.3,79.6,76.6,378.3,53.7,39.9,60.9,15.0,83.5,50.9,17.2,1.9,162.1,24.5,35.3,43.8,8.5,73.9,9.7,99.0,5.8,73.3,19.4,145.1,121.4,86.0,297.4,46.9,36.6,70.9,17.7,114.6,48.0,17.2,1.9,74.2,10.8
Turkey,449.0,357.0,16.7,693.1,296.9,3129.9,4.0,888.0,281.7,1877.5,1655.6,1103.9,3575.0,899.5,442.0,815.2,208.0,1437.6,742.4,281.9,12.6,1408.0,536.6,267.9,200.0,377.0,97.6,1952.8,2.2,408.8,135.5,875.7,679.7,491.1,2046.3,548.7,245.2,374.2,95.5,590.8,370.5,128.9,6.5,996.0,413.9,181.1,157.0,16.7,316.0,199.3,1177.0,1.8,479.2,146.2,1001.8,976.0,612.8,1528.6,350.8,196.8,440.9,112.5,846.8,371.9,153.0,6.1,412.0,122.8
Turkmenistan,168.1,132.1,2.1,269.8,23.5,175.9,7.3,33.8,18.6,109.3,59.9,56.6,480.3,26.0,112.9,59.3,13.3,51.8,94.0,14.3,5.0,171.4,37.6,104.0,76.0,164.1,8.4,95.5,2.5,15.7,10.1,59.2,24.7,26.8,274.8,13.8,71.0,26.8,6.1,22.3,54.4,6.4,3.0,115.2,27.7,64.1,56.0,2.1,105.7,15.0,80.4,4.8,18.1,8.5,50.0,35.1,29.9,205.5,12.2,41.9,32.5,7.2,29.5,39.5,7.9,2.0,56.2,9.8
Uganda,6396.6,2002.1,361.5,3045.6,765.9,988.5,30.8,203.1,205.7,775.3,366.9,269.5,939.3,309.8,572.8,219.1,180.2,233.3,745.4,48.7,49.3,1956.3,636.1,3481.4,1051.8,1759.0,409.3,508.3,23.0,118.2,109.9,393.3,184.6,136.9,471.1,146.0,334.5,115.2,83.4,112.9,418.0,22.6,30.1,1277.5,444.4,2915.2,950.3,361.5,1286.6,356.6,480.2,7.8,84.9,95.8,382.0,182.4,132.5,468.2,163.8,238.4,103.9,96.8,120.4,327.4,26.1,19.3,678.8,191.7
Ukraine,983.8,272.0,10.2,244.7,40.1,2654.3,7.3,222.2,69.8,1713.1,770.2,791.1,7514.8,409.8,874.6,285.6,106.0,823.6,211.5,192.0,6.2,1468.8,583.9,607.6,181.1,133.8,17.6,1502.3,2.7,97.6,23.4,953.5,262.6,303.6,3818.4,261.0,578.6,112.0,46.0,324.9,109.2,75.7,3.7,1013.0,486.0,376.2,90.8,10.2,110.9,22.5,1152.0,4.7,124.6,46.4,759.6,507.5,487.4,3696.4,148.7,296.1,173.6,60.0,498.7,102.3,116.2,2.5,455.8,97.9
United Arab Emirates,53.5,23.2,0.9,42.1,36.8,73.1,0.6,83.1,17.1,247.5,95.0,82.5,225.3,65.0,28.1,61.6,22.8,141.2,40.6,21.2,1.5,176.2,37.9,43.8,16.5,26.3,20.3,41.6,0.5,65.7,11.0,188.4,64.9,61.8,187.8,54.1,20.9,42.1,15.3,104.3,24.7,16.6,0.9,153.8,34.5,9.7,6.7,0.9,15.8,16.5,31.5,0.1,17.4,6.1,59.1,30.1,20.7,37.5,10.9,7.2,19.5,7.5,36.9,15.9,4.6,0.7,22.4,3.4
United Kingdom,177.3,555.6,8.1,247.2,72.0,3452.8,74.3,312.4,153.6,1816.1,1828.2,872.8,2827.1,1106.8,716.8,328.1,211.6,1395.8,223.5,312.0,10.5,901.7,320.6,88.2,268.3,132.2,21.0,1831.7,40.0,163.7,73.5,923.0,730.0,418.2,1610.7,570.2,398.1,140.4,90.4,568.6,117.7,143.4,6.8,514.7,235.9,89.2,287.4,8.1,115.0,51.0,1621.1,34.3,148.7,80.1,893.1,1098.3,454.6,1216.4,536.6,318.7,187.8,121.2,827.1,105.8,168.7,3.7,386.9,84.7
United Republic of Tanzania,8233.1,2388.0,636.3,3857.8,1249.5,957.3,31.1,257.3,237.7,984.6,467.6,479.6,1445.2,415.5,607.5,290.4,250.7,343.6,1006.0,54.2,63.3,2617.5,453.8,4576.8,1223.1,2145.5,663.7,436.6,22.1,143.8,121.1,509.9,216.0,235.7,725.4,191.2,331.4,137.8,117.6,166.1,546.3,24.2,37.8,1640.0,325.5,3656.2,1164.8,636.3,1712.3,585.9,520.6,9.0,113.4,116.6,474.7,251.6,244.0,719.8,224.3,276.2,152.5,133.2,177.5,459.7,30.0,25.5,977.5,128.3
United States of America,1699.0,1673.7,47.7,1504.9,289.3,14916.5,361.5,4054.7,1421.9,12667.7,7387.8,3182.2,17309.5,6220.9,3572.2,2927.0,1066.2,6881.0,1464.2,1071.5,131.6,6760.5,3772.7,945.8,863.4,807.7,110.0,7917.9,193.7,2243.4,719.8,6556.4,2954.4,1601.7,9998.8,3230.4,2026.0,1413.1,447.2,2755.2,770.5,497.8,74.6,4107.4,2913.9,753.1,810.2,47.7,697.2,179.3,6998.6,167.8,1811.3,702.1,6111.3,4433.5,1580.5,7310.7,2990.5,1546.2,1513.9,619.0,4125.7,693.7,573.8,56.9,2653.1,858.8
Uruguay,26.0,24.7,0.7,19.9,7.8,196.1,7.0,28.0,10.4,83.6,61.2,51.7,171.4,56.9,32.0,30.0,11.4,72.4,20.8,12.4,0.8,79.6,43.7,15.5,12.7,11.0,2.6,108.4,3.7,14.0,4.4,37.8,25.5,22.4,90.8,31.3,19.0,14.4,4.6,32.1,11.1,5.4,0.5,54.6,34.8,10.5,12.0,0.7,8.8,5.2,87.8,3.3,14.0,6.0,45.8,35.6,29.4,80.6,25.6,12.9,15.6,6.7,40.3,9.8,7.0,0.3,25.1,8.9
Uzbekistan,387.1,350.7,16.5,713.7,273.2,507.2,36.0,238.8,49.3,567.4,354.6,333.3,2273.9,173.2,404.1,275.6,70.5,303.4,305.4,80.9,8.0,675.6,180.8,235.7,191.5,404.3,79.6,240.9,20.8,118.6,23.3,302.9,165.2,158.6,1298.0,90.0,239.7,125.2,32.1,128.2,168.3,36.2,4.4,462.5,119.9,151.4,159.2,16.5,309.4,193.6,266.3,15.2,120.2,26.0,264.5,189.4,174.8,975.9,83.2,164.4,150.4,38.3,175.2,137.0,44.7,3.6,213.1,61.0
Vanuatu,8.0,4.1,0.3,6.2,3.1,7.3,0.1,3.6,0.5,4.4,1.9,3.2,12.2,3.7,1.5,2.2,1.0,2.8,3.5,0.3,0.1,5.4,1.2,4.6,2.3,3.3,1.0,4.0,0.0,1.7,0.3,2.3,0.9,1.6,7.0,2.2,0.9,1.0,0.5,1.2,2.0,0.2,0.0,3.7,0.9,3.5,1.9,0.3,2.9,2.1,3.3,0.0,1.8,0.2,2.1,1.1,1.6,5.2,1.5,0.6,1.2,0.5,1.7,1.6,0.2,0.0,1.7,0.3
Venezuela (Bolivarian Republic of),478.0,263.3,40.5,469.8,53.3,853.3,86.0,514.3,49.2,595.8,348.5,372.6,1260.2,235.2,246.8,183.6,82.1,350.7,257.5,95.6,1.5,1156.9,1038.9,285.6,152.7,264.1,26.7,420.0,48.5,278.3,25.5,309.3,158.0,176.2,775.4,123.1,165.1,88.9,37.9,138.6,137.3,41.4,0.8,944.0,961.6,192.4,110.6,40.5,205.7,26.7,433.3,37.5,235.9,23.7,286.5,190.5,196.5,484.7,112.1,81.7,94.7,44.2,212.1,120.3,54.2,0.7,212.9,77.3
Viet Nam,1861.7,753.9,56.4,1364.3,202.3,3275.6,37.4,736.4,198.2,1817.5,1218.7,1381.2,3854.2,1050.2,909.5,571.4,324.3,1208.3,870.8,154.9,26.5,2724.4,594.6,1233.0,460.8,731.8,51.4,1870.7,17.9,316.3,82.3,914.2,479.6,608.0,2461.9,640.5,707.8,237.5,154.8,520.1,477.7,66.4,14.6,2068.0,480.1,628.7,293.1,56.4,632.5,150.8,1404.9,19.5,420.2,115.8,903.2,739.1,773.2,1392.3,409.7,201.7,333.9,169.5,688.2,393.1,88.5,11.9,656.4,114.6
Yemen,1284.1,926.3,204.1,1850.0,622.8,455.9,28.2,179.8,155.5,607.6,313.4,416.3,1801.7,284.3,210.3,259.6,79.6,282.3,479.2,47.3,56.1,1221.7,608.5,644.1,416.0,1093.5,260.0,224.8,14.5,76.6,79.7,311.5,139.6,204.9,920.0,148.6,113.4,110.6,37.7,122.2,254.1,23.2,31.6,847.8,416.8,640.0,510.3,204.1,756.4,362.9,231.2,13.7,103.3,75.8,296.2,173.8,211.5,881.7,135.7,96.9,149.0,41.9,160.1,225.1,24.1,24.4,373.9,191.6
Zambia,3211.4,731.2,104.2,1213.2,411.1,295.9,14.8,72.6,74.1,294.7,144.2,131.4,382.3,107.0,218.0,87.1,80.6,103.5,281.5,21.8,16.5,713.7,172.7,1690.5,385.8,675.4,219.4,129.6,8.9,42.0,38.3,157.5,70.8,65.7,190.2,51.9,134.0,45.2,37.7,49.4,156.4,10.0,10.0,460.2,124.8,1520.9,345.3,104.2,537.8,191.7,166.3,5.9,30.5,35.8,137.2,73.4,65.7,192.2,55.1,84.0,41.9,42.9,54.1,125.1,11.8,6.4,253.5,47.9
Zimbabwe,2643.3,666.8,177.2,1032.2,408.7,337.0,4.4,134.4,49.6,310.1,147.7,133.6,466.8,139.5,157.6,111.7,58.8,112.7,298.4,24.3,3.9,768.6,250.0,1316.9,338.4,581.2,209.1,147.9,2.6,62.4,24.3,171.0,63.0,65.2,199.6,63.1,89.2,48.6,26.1,55.1,173.3,9.7,2.1,516.0,187.6,1326.4,328.4,177.2,451.1,199.6,189.1,1.8,72.0,25.4,139.1,84.7,68.4,267.2,76.4,68.4,63.1,32.7,57.6,125.1,14.5,1.7,252.6,62.4